category,group_name,whatsapp_link,status
News & Politics,ğŸ“šğŸ—ï¸à®¤à®®à®¿à®´à¯ ğŸ“¢à®šà¯†à®¯à¯à®¤à®¿à®•à®³à¯ Â ğŸ—ï¸ğŸ¤,https://chat.whatsapp.com/IVRFinRE2rCHWua6szmPxm,Active
General Mix,TREND UNIT,https://chat.whatsapp.com/If4td8MTU22F4Ufrh34SDy,Active
Girls & Friendship,GIRSL AND BOYS FRIENDS ğŸ’•,https://chat.whatsapp.com/Ga6PMYws3EE6WdPXLA3PnZ,Active
General Mix,U,https://chat.whatsapp.com/Dj00VPCrlamBTBeKuhj9wW,Active
Shopping & Deals,ğŸ¥° Â PAK â€¢â€¢ SALLER â€¢â€¢ 13 ğŸ¥°,https://chat.whatsapp.com/CYWWoJHjQIGBvZt0oajhut,Active
Jobs & Careers,Job's available,https://chat.whatsapp.com/Ed08EKIGhmU0yUovJgt1In,Active
Crypto & Money,ğ—•ğ—¶ğ—»ğ—®ğ—»ğ—°ğ—² ğ—©ğ—œğ—£ ğ—¦ğ—¶ğ—´ğ—»ğ—®ğ—¹ğ˜€ 786,https://chat.whatsapp.com/KyBKo0dc0iEJjVNoxHRtU5,Active
General Mix,Features,https://chat.whatsapp.com/CGyziDVjo1jLBC3fOSvRGO,Active
Crypto & Money,Earn With SicarioğŸ’¸,https://chat.whatsapp.com/HEPiG3PZjRQDzEY5XF4Hr9,Active
Movies & Web Series,Movie ğŸ¿ group,https://chat.whatsapp.com/DDgcZTYud72FMahhDy2Z68,Active
Gaming & Esports,GAME EARNING,https://chat.whatsapp.com/LDnIpTjQCis2Lgo4E1cO4F,Active
Crypto & Money,FOREX ONLINE TRADING INVESTMENT,https://chat.whatsapp.com/Hnr6vG51CYxLVOwbnNJ7GU,Active
YouTubers & Influencers,Sub 4 sub YouTube,https://chat.whatsapp.com/DBYBVDZrrOyAPqrd4INQxU,Active
Tech AI & Coding,YouTube and Android apps tips and tricks,https://chat.whatsapp.com/GOGWRdOQ6Y0LukQVaYGPJl,Active
Crypto & Money,Universal Crypto Pump Signals,https://chat.whatsapp.com/FdtBQeS7vozHGXDYcHnvNl,Active
General Mix,Features,https://chat.whatsapp.com/KPhkwqPnS6mHLbWKh8ogdL,Active
Religion & Spirituality,ğŸ’«ğŸŒ´Ø§Ø³Ù„Ø§Ù… Ø§ÙˆØ± Ù‚Ù„Ø¨ğŸŒ´ğŸ’«,https://chat.whatsapp.com/I6J8ojyESD3Cdwhv9qJyRL,Active
Crypto & Money,ğŸ’¯ğ—§ğ—¥ğ—”ğ——ğ—˜ ğ—ªğ—¹ğ—§ğ—› ğ—¡ğ—”ğ—­ğ—”ğ—¥ğŸ’¯,https://chat.whatsapp.com/KT3QSTcAZTI19hcVLl8oH7,Active
General Mix,ğŸ¤,https://chat.whatsapp.com/LWhFXuQsvK4JR0AcrnmB3s,Active
Jobs & Careers,Karnataka govt jobs,https://chat.whatsapp.com/INkGWJ94wfYEWBVhzkiTxk,Active
Tech AI & Coding,ğŸ¹Kvm Kannada TechğŸ¹,https://chat.whatsapp.com/Fkg3dM3uR3wI7pVoSyniJG,Active
General Mix,Features,https://chat.whatsapp.com/DnnWz025b4iJbsAtKA1HsS,Active
Crypto & Money,Loan ğŸ’°ğŸ’°ğŸ’°ğŸ’°loan,https://chat.whatsapp.com/IMrfGlBDvZ6IMy2cfKm1yZ,Active
General Mix,Features,https://chat.whatsapp.com/JSNJcUlmUVmFYUdNlVtbTO,Active
Jobs & Careers,à´œàµ‹à´²à´¿ à´µàµ‡à´£àµ‹??? 5ï¸âƒ£6ï¸âƒ£ ( ğ“£ğ“Ÿ ğ“°ğ“»ğ“¸ğ“¾ğ“¹ ) 5ï¸âƒ£6ï¸âƒ£,https://chat.whatsapp.com/Ehu2k6igneL1QfUoIUdTMT,Active
Religion & Spirituality,ğŸŒºTÌ¥Í¦hÌ¥Í¦eÌ¥Í¦ğŸŒ¼ Â wÌ¥Í¦oÌ¥Í¦rÌ¥Í¦lÌ¥Í¦dÌ¥Í¦ğŸŒğŸŒ¹oÌ¥Í¦fÌ¥Í¦ ğŸ“¿ Â iÌ¥Í¦sÌ¥Í¦lÌ¥Í¦á¸Í¦mÌ¥Í¦iÌ¥Í¦cÌ¥Í¦ ğŸ•‹ğŸ•Œ gÌ¥Í¦rÌ¥Í¦oÌ¥Í¦uÌ¥Í¦pÌ¥Í¦ğŸ’¯ğŸŒ¹ğŸ’¯,https://chat.whatsapp.com/BHD9P8Gt3ACLkBtaAhGWNS,Active
General Mix,NCR G. SERVICE Â CLUB ğŸ«¤,https://chat.whatsapp.com/JTrNXCk27FCLrCCVR2MKRg,Active
Crypto & Money,Crypto Gold Rush,https://chat.whatsapp.com/GqrOqDa7nExAGE1Hy2qUlo,Active
Crypto & Money,TRADING ZALPAKEZâœ”ï¸,https://chat.whatsapp.com/LeWUUH1zYwX7QbAT9xdpcu,Active
General Mix,King ğŸ‘‘ğŸ‘‘ğŸ‘‘ğŸ‘‘ğŸ‘‘ğŸ‘‘ğŸ‘‘,https://chat.whatsapp.com/IJ25PPU5QBK5cgmbIbtKiF,Active
Jobs & Careers,"Jobs, Ads and Updates Tamil",https://chat.whatsapp.com/HyxyTA1fbbWBm9VUPyiYdP,Active
Business & Startups,Business Growth,https://chat.whatsapp.com/0cVcG2LeTcHF2yiMezvfP8,Active
Crypto & Money,Stock market Information,https://chat.whatsapp.com/EmEeujmHcmMEawYXlapsHp,Active
Religion & Spirituality,Islamic knowledgeğŸŒŸğŸ’«ğŸ•‹ğŸ•‹,https://chat.whatsapp.com/JjK1BVHE7tFHLpo7nqnIa7,Active
Cricket & Sports,âœ”ï¸ğ™ˆğ™† ğ™ğ™ğ™ğ™€ ğ™ğ™„ğ™“ğ™€ğ˜¿ ğ™ˆğ˜¼ğ™ğ˜¾ğ™ƒ âœ”ï¸,https://chat.whatsapp.com/Ifn6QIrAnyoLHmL8acfkMM,Active
Food & Travel,MonalAdventure.Com,https://chat.whatsapp.com/JxwXFWJ9VN5ITkNYefMz00,Active
General Mix,AA-PRESENTS,https://chat.whatsapp.com/LLEyFAwijkS1IFwROdATf0,Active
Crypto & Money,Share Market and Crypto trendingğŸ“ˆğŸ“ˆ,https://chat.whatsapp.com/BCs0gvYECoH3mxpafaVJfx,Active
Cricket & Sports,ğŸ€ğŸ€âš½ï¸ğŸ’€ğŸŠ,https://chat.whatsapp.com/JjSsHwGH8keBlEYeDeyYpG,Active
Crypto & Money,Earning and Triks ğŸ¤‘âœ…,https://chat.whatsapp.com/FqU5Wkh75bNI90adRyhjFG,Active
Tech AI & Coding,Efsane Website Welfare Group,https://chat.whatsapp.com/GBmrYacuGq63GlKdL3FGiT,Active
Gaming & Esports,NEX PAID SCRIMS,https://chat.whatsapp.com/H8xNiEekry4LaB0Vm9Hciu,Active
Jobs & Careers,Jobs In Goa,https://chat.whatsapp.com/KC65KuCi4P3508XCiG44O0,Active
Crypto & Money,âœŒï¸âœŒï¸FOREX GOLD MASTERğŸ’¯ğŸ’¯,https://chat.whatsapp.com/Eh0JbOH7OHNLaM1vJyBMlK,Active
Crypto & Money,LOAN SCHEMES,https://chat.whatsapp.com/IP3OrvxHdvWCjKOwXdDWZE,Active
General Mix,Features,https://chat.whatsapp.com/EMauSofMxkP0tZXxEn5wC7,Active
News & Politics,Current affairs (daily news),https://chat.whatsapp.com/LuRMspgoqIvCK7x7SGMb6d,Active
Gaming & Esports,CS GAMiNG STORE ğŸ’¸,https://chat.whatsapp.com/B4icIy86tQp1OaCCGdjrwz,Active
YouTubers & Influencers,ğ—œğ—¡ğ—¦ğ—§ğ—”ğ—šğ—¥ğ—”ğ—  âœ… ğ—™ğ—¢ğ—Ÿğ—Ÿğ—¢ğ—ªğ—˜ğ—¥ğ—¦ ğ—œğ—¡ğ—–ğ—¥ğ—˜ğ—”ğ—¦ğ—˜ ğŸ‘ˆğŸ“ˆ,https://chat.whatsapp.com/C1PJBsqSRN2F8emyGNOeQD,Active
Shayari & Love,POETRY LOVERSâ¤ï¸,https://chat.whatsapp.com/CX7LUQ5xmhI1v2TfitjhXc,Active
Shopping & Deals,*Anaya's Mom* Online StoreğŸ¥°,https://chat.whatsapp.com/GoXHZoDXVIgCqZflMLTmNX,Active
General Mix,Features,https://chat.whatsapp.com/EKRjeFZIDssEGZRBi2Vq3c,Active
Business & Startups,All pakistan upvc & aluminium fabrication,https://chat.whatsapp.com/LwpbM7qiB7e9qJM3g5DvUl,Active
Shopping & Deals,7/11 Kurti House RESELER ONLY,https://chat.whatsapp.com/H9n4wiuHEZ54cgjf2PmBk3,Active
Tech AI & Coding,Free access to the internet,https://chat.whatsapp.com/IwA4bUSAbZuKm4Qa6rhdiF,Active
News & Politics,ATH NEWS 11 & à¤ªà¤¤à¥à¤°à¤¿à¤•à¤¾,https://chat.whatsapp.com/KTy1hu0WdGyHKiAxiQv9TP,Active
YouTubers & Influencers,YouTube Subscribe Gainner,https://chat.whatsapp.com/G87g3kk5w73BQk845rlL8X,Active
Religion & Spirituality,â˜ªï¸ Iâ¤ï¸ Islamicâ˜ªï¸â¤ï¸Ç¤roà¸™Æ¤,https://chat.whatsapp.com/JlIpFiOGjENKPr2p4Hirrn,Active
YouTubers & Influencers,Youtube Seller Wale Bhai Ka Group,https://chat.whatsapp.com/GndL05jwBbjKa6HCsBgnxm,Active
Gaming & Esports,UniQue Bull ğŸ“Š Official Community.,https://chat.whatsapp.com/BxeOCWzrPP6AG32ZOutWWw,Active
General Mix,Features,https://chat.whatsapp.com/EN3tminV8lo8mM6G9ak3xQ,Active
General Mix,Features,https://chat.whatsapp.com/CMHxqRwYccK9NDTVgxCw2e,Active
General Mix,_Madii warrior_ğŸº,https://chat.whatsapp.com/HrMICyOP6G82Yt0tHjUQcb,Active
General Mix,VIP âœŒï¸ GARIB ğŸ¥²,https://chat.whatsapp.com/LddKMlujfLR9XFlf0Mq7OV,Active
Shopping & Deals,á´É´ÊŸÉªÉ´á´‡ á´˜Ê€á´á´…á´œá´„á´›s sá´‡ÊŸÊŸ ğŸ’¯,https://chat.whatsapp.com/LLlv63MveBl7IzVMNMm0tF,Active
Shopping & Deals,Shopping HubğŸ‘•ğŸ‘–,https://chat.whatsapp.com/CY32PCsvcCj4bmc7UBTC6z,Active
Crypto & Money,ğ—œğ—»ğ˜ğ—¿ğ—®ğ—±ğ—®ğ˜† ğ—•ğ—®ğ—»ğ—¸ğ—»ğ—¶ğ—³ğ˜ğ˜† ğ—˜ğ—¾ğ˜‚ğ—¶ğ˜ğ˜† ğ—¦ğ—µğ—®ğ—¿ğ—² ğ— ğ—®ğ—¿ğ—¸ğ—²ğ˜ğŸ“‰,https://chat.whatsapp.com/EgljfCv2EJNFggxp7YQAVT,Active
Shopping & Deals,BEAST STORE,https://chat.whatsapp.com/CgA9oAxzJWYJg39539SSuO,Active
General Mix,ğ™‰ğ™Šâ„™ğ•„ğ•† ğ†ğ‹ğğğ€ğ‹ ğŸŒ,https://chat.whatsapp.com/BypHwQR2Y1W0LNT1PIXIcT,Active
Crypto & Money,Automated Forex Online Trading with Bots,https://chat.whatsapp.com/BY2NTCvI66q2TpYsHjSInF,Active
Business & Startups,International Online Business ğŸ‡µğŸ‡°ğŸ‡¦ğŸ‡ª,https://chat.whatsapp.com/LuLzodt1WWbEjU8QlThh0Q,Active
Funny & Memes,à¼ºOnlyğŸ¥‡Tik TokğŸ…Vediosà¼»,https://chat.whatsapp.com/Hwy5o0N54po3VPh9wK1iQq,Active
Crypto & Money,ğŸ’°EARN WITH FAISALğŸ“Š,https://chat.whatsapp.com/GHseAFCC350264gdvhaGMY,Active
Education & Students,Pharmacists ğŸ‘¨â€ğŸ”¬ğŸ‘©â€ğŸ”¬ğŸ’ŠğŸ’‰,https://chat.whatsapp.com/KTkOwoj2DAr7D7UePCBSDn,Active
Shopping & Deals,JJ Collection âœ¨,https://chat.whatsapp.com/HrJGqRYNBE9D2yrlrz8Fsb,Active
General Mix,Features,https://chat.whatsapp.com/CMIlmPJ6ZdSEpNhMlKpMl7,Active
Food & Travel,SHAN TRAVELS PVT LTD / 5,https://chat.whatsapp.com/EXkZ0R2chIx1lnvusa9Jja,Active
Crypto & Money,ğŸ’± ğŸ¥³CRYPTO FREE AIRDROPğŸ’µğŸ¥³,https://chat.whatsapp.com/IM6Nov5N9nvBgXkK7TBLFn,Active
General Mix,Unique Khushbu Mahal,https://chat.whatsapp.com/KPAQMbanUex5upqmpcP01p,Active
Crypto & Money,MAKE MONEY ONLINE ğŸ’²ğŸ’µğŸ’°,https://chat.whatsapp.com/DK4VA2fCuzKHObCt9pe4Nj,Active
Religion & Spirituality,â•ğŸ‡®Ê‚ğ’Î±É±Î¹ÆˆğŸ‡°É³ÏƒÉ¯ğ’Ò½ÔƒÉ Ò½ É É¾ÏƒÏ…Ïâ•ğŸ¥°,https://chat.whatsapp.com/LrBRtyqV5sXI9wjAnajrch,Active
General Mix,Features,https://chat.whatsapp.com/HKpI1byb3d6EA1oEQNcf4d,Active
Gaming & Esports,ğŸ”¥MAFIA GAMING STOREğŸ”¥,https://chat.whatsapp.com/LeFWXvr1jhkGKTMOnt9SWE,Active
Crypto & Money,Crypto Free Airdrop King,https://chat.whatsapp.com/If2kEomhyAxKKXAhXHLmVs,Active
Jobs & Careers,*GRASP KNOWLEDGE | JOBS UPDATES*ğŸ“°,https://chat.whatsapp.com/ElsdkKc6zX53bcRMqAGRIb,Active
Girls & Friendship,ğŸ¤ ğ•‹ğ•™ğ•– ğ•Šğ•¥ğ•£ğ•’ğ•Ÿğ•˜ğ•–ğ•£ğ•¤ ğŸ¤,https://chat.whatsapp.com/HtcjFRjKq0bI4SahZv92mz,Active
Business & Startups,Business to Business Linkages,https://chat.whatsapp.com/Ku9dw0mYQMBIe1yqnVHSBw,Active
Tech AI & Coding,4ï¸âƒ£Ä±lÄ±lÄ±lâ™¡HackingğŸ˜ˆZoneâ™¡Ä±lÄ±lÄ±l,https://chat.whatsapp.com/KqsVfCOThov23b8i4ptMsa,Active
General Mix,ILLUMINATI brotherhood,https://chat.whatsapp.com/I6AcjIljf3e8eZP17TQAOA,Active
Crypto & Money,LIVE Stock Market News,https://chat.whatsapp.com/KIgYV2iHdRtDrCqxRH5XpK,Active
Shopping & Deals,Jai shree shyam baba group ğŸ›ï¸ğŸ›ï¸,https://chat.whatsapp.com/LyByPzI0Nw6ATWvwJEfNOe,Active
Business & Startups,E-Commerce business,https://chat.whatsapp.com/FUssITytI1cA79X9eoQXPQ,Active
Crypto & Money,TikTok Earning ğŸ‡µğŸ‡°,https://chat.whatsapp.com/G9gaFAIaJOT2n0m6GWfqzs,Active
General Mix,Features,https://chat.whatsapp.com/F05pVzLKffjJb3u4QdmIZs,Active
Religion & Spirituality,ğŸ‘‘ ğ’¯ğ’½ğ‘’ ğµğ‘’ğ’¶ğ“Šğ“‰ğ“ ğ‘œğ’» ğ¼ğ“ˆğ“ğ’¶ğ“‚ ğŸ‘‘,https://chat.whatsapp.com/LRtMQ7dzVI59e87dPftt8n,Active
Movies & Web Series,New movies,https://chat.whatsapp.com/Fgx62NfMT7xGNHFVlIzAZ8,Active
YouTubers & Influencers,Social Media Â Accounts Buy&Sell,https://chat.whatsapp.com/CfoyZxkxzZYDUYindC7eZ5,Active
Shopping & Deals,All Karachi properties Sale/Purchase/Rent,https://chat.whatsapp.com/JrENnFFcV5u3NhmnB3QnP2,Active
General Mix,Features,https://chat.whatsapp.com/GcSCbnHXbXCGRbJErlludS,Active
General Mix,ğŸ’¬Ú¯Ù¾ Ø´Ù¾ Ú¯Ù„ÛŒ,https://chat.whatsapp.com/G43lzYrHJ9vFFGW18a6Cux,Active
Crypto & Money,Free Airdrop,https://chat.whatsapp.com/IfAoDYiHtzKL7rNOkfjrYI,Active
Crypto & Money,TRADE EMPIRE ğŸ“ˆğŸ’µ,https://chat.whatsapp.com/FWJcK7gJQdR2xa9aiKLImH,Active
Tech AI & Coding,Xanderblog Group 2,https://chat.whatsapp.com/LjSd5IaXMek9dt8lokKUgW,Active
Crypto & Money,Online Earning For GirlsğŸ“±pkn,https://chat.whatsapp.com/BRwxZOzzFNLEvDNuBlECic,Active
Shopping & Deals,04 ğŸ†‚ğŸ…°ğŸ…½ğŸ…°ğŸ…½ ğŸ…¼ğŸ…´ğŸ…¶ğŸ…° ğŸ…²ğŸ…¾ğŸ…»ğŸ…»ğŸ…´ğŸ…²ğŸ†ƒğŸ…¸ğŸ…¾,https://chat.whatsapp.com/KpKGtOk9HOb6WFOzANuvx1,Active
Crypto & Money,ğ™ğ™ƒğ™€ ğ™ğ™ğ™Šğ˜¾ğ™†ğ™ ğ˜½ğ™ğ™‡ğ™‡ â­â­,https://chat.whatsapp.com/DqlBxYFRPU376isW47mDLF,Active
Business & Startups,AFFILIATE DISCUSSION ğŸ§‘ğŸ¿â€ğŸ’»ğŸ‘©ğŸ»â€ğŸ’»,https://chat.whatsapp.com/DEEIDlmferr99LKJBAavRH,Active
Gaming & Esports,MAHAM PUBG STORE,https://chat.whatsapp.com/JimJHrN7S0K4pVctzpCr7O,Active
Shopping & Deals,Hole Sale Online Shopping Group,https://chat.whatsapp.com/HyRAS9t0dFL8kacp9Hrpwy,Active
Tech AI & Coding,Dev's Collaboration Group,https://chat.whatsapp.com/DTjXM5QbLS64MTGS2heRSo,Active
General Mix,Features,https://chat.whatsapp.com/DozshVBiynCGgHHG7W56hM,Active
General Mix,Features,https://chat.whatsapp.com/Eo0BCF9gaG80NbwEnyqWNC,Active
Girls & Friendship,ğŸ’…Skin & Hair Experts Communityâ˜˜ï¸âœ¨ğŸ’„,https://chat.whatsapp.com/GeTnpuk92Us7z8pG8uZFXf,Active
Gaming & Esports,GameRz - ãƒ©ã‚¤ãƒ•,https://chat.whatsapp.com/I24ZbztA0GT5b4FGQ3fVHB,Active
Shopping & Deals,Cardamom Garaland Order Now,https://chat.whatsapp.com/CmFRBa03C900BRlBeInsI1,Active
YouTubers & Influencers,ğ™„ğ™‰ğ™ğ™ğ˜¼ğ™‚ğ™ğ˜¼ğ™ˆ ğ™‡ğ™„ğ™†ğ™€/ğ™‘ğ™„ğ™€ğ™’ğ™ âœ…,https://chat.whatsapp.com/JEadMUVHWNfIswVXgSqUxX,Active
Crypto & Money,ğ™‚ğ™Šğ™‡ğ˜¿ ğ™‹ğ™ğ™Š ğ™ğ™ğ˜¼ğ˜¿ğ™€ğ™,https://chat.whatsapp.com/GZUmGbDi4Zo2w8v3YHpyG0,Active
Shayari & Love,Sad poetryâ¤â€ğŸ©¹ğŸ’”,https://chat.whatsapp.com/CshwA6aTemJKgrBeik1M6b,Active
Shayari & Love,ğŸ’“à¤¶à¤¾à¤¯à¤°à¥€ à¤¦à¤¿à¤² ğŸ’“ à¤¸à¥‡ âœğŸ»,https://chat.whatsapp.com/L6rN8sN15lC3Q5zKHXs4lg,Active
Food & Travel,Round in Oman travel & car rental,https://chat.whatsapp.com/FcAGepk6noQ8dqpSeM58Bq,Active
Business & Startups,BUSSINESS OPPORTUNITY,https://chat.whatsapp.com/DwO9ChX700gCVkfzKu2XK3,Active
Jobs & Careers,Sarkari Vacancy0ï¸âƒ£9ï¸âƒ£,https://chat.whatsapp.com/CCNqZb49h2HJGcpxr1kEtF,Active
Crypto & Money,FOREX VIP SIGNAL ğŸš¦,https://chat.whatsapp.com/Hv98OKGGKUOJRp4HSWELPF,Active
YouTubers & Influencers,Instagram,https://chat.whatsapp.com/CmZseSZ42yj6BriVA2aEJe,Active
Crypto & Money,Index Nifty Banknifty,https://chat.whatsapp.com/D4xC7ut2ukQGfUYgihRdME,Active
Crypto & Money,ğŸ“ŒğŸ’DIAMOND LEGIT AND VERIFIED UPDATES ğŸ”—ğŸ’¸ğŸ’¶ğŸ’°ğŸ“²ğŸ“ˆÂ©ï¸ğŸ‡³ğŸ‡¬,https://chat.whatsapp.com/HF1bZ0rbOELCNNzsis6LMT,Active
General Mix,Features,https://chat.whatsapp.com/IR1ryZaWTEr2JyNuR2Zgx2,Active
Shopping & Deals,Sasta Mart Official,https://chat.whatsapp.com/FOWJvevWY05D1lnvafFpPv,Active
News & Politics,KRISHNANAGARğŸ˜ƒ West Bengal news ğŸ˜„. DON'T CLICK ANY ONE LINK Â fraud responsibility your,https://chat.whatsapp.com/G7TGSg93zpODF0pIdlKBtd,Active
Crypto & Money,ğ†ğğ‹ğƒ ğğ‘ğ ğ“ğ‘ğ€ğƒğ„ğ‘ ğ…ğ¨ğ«ğğ± & ğ†ğ¨ğ¥ğ ğ’ğ¢ğ ğ§ğšğ¥ğ¬,https://chat.whatsapp.com/JqqWWqRNadP35yRz7rVsBx,Active
Gaming & Esports,âœ… Bgmi id sell low price Â ğŸ‰,https://chat.whatsapp.com/Iuqa2FNfUyZFISFvJrcjSd,Active
Gaming & Esports,Chess friends,https://chat.whatsapp.com/Fxz9bkl2lVDHm4UuhwXwPu,Active
Jobs & Careers,Job Vacancy's Group Banglore,https://chat.whatsapp.com/CbbhUewooV7EuJs4jEdleA,Active
Crypto & Money,Crypto currency Airdrop,https://chat.whatsapp.com/BDHq2uT4BewKjpV8x8ECUb,Active
Jobs & Careers,Work from home 108,https://chat.whatsapp.com/LnQ7igpg58p0Tsr7DWs04v,Active
Shopping & Deals,All Pakistan Aseel Sale&Purchase,https://chat.whatsapp.com/FmtnkVbeq3f1hbdkv9Jm1g,Active
General Mix,Features,https://chat.whatsapp.com/EBGwT37TYtC7V8WeykLxwA,Active
Business & Startups,Super AmaFlix Demo Group,https://chat.whatsapp.com/K0JSxZIsfTP4yu7EmPUVxy,Active
Crypto & Money,CRYPTO TRADING COURSE FREE,https://chat.whatsapp.com/F6LS3jembIfFuZvnHvs1q9,Active
Jobs & Careers,Real Job Updates ğŸ’¼ğŸ’¼,https://chat.whatsapp.com/CMe83G1PK5DHqRZTAILqmS,Active
General Mix,NTL,https://chat.whatsapp.com/L5y2glX9Bae4yZfg25k903,Active
News & Politics,The lallantop,https://chat.whatsapp.com/CCZIerHEt9DBLTLuRl7Dy5,Active
Shopping & Deals,Fashionable Style Patil ğŸ›’,https://chat.whatsapp.com/FCjJKUSteTx7I3NnhQVGP7,Active
Crypto & Money,Earn money online,https://chat.whatsapp.com/FAXLvUALBvu0zvMjVy3Hmg,Active
General Mix,Features,https://chat.whatsapp.com/J5GtjR1yPYR5z4yzKTenCW,Active
Crypto & Money,INTERDAY TRADING(stock market),https://chat.whatsapp.com/K6CAuPok7779bbsVPuy6J8,Active
YouTubers & Influencers,Insta Grow,https://chat.whatsapp.com/FMei22OVSYJ0ZwsBP8pPPL,Active
YouTubers & Influencers,Social powerğŸ’ª,https://chat.whatsapp.com/EhehFLLaFZtIhmwj8fWtkD,Active
General Mix,Features,https://chat.whatsapp.com/DZyQ1RLbeTHKVdvyJpdbFk,Active
General Mix,VIP BROADCAST GROUP,https://chat.whatsapp.com/INJf9cTs6Lx3tmLodIgTZL,Active
YouTubers & Influencers,YouTube video & subscribe,https://chat.whatsapp.com/BLEZ53LwACa5ZLHHWfy3gH,Active
Shopping & Deals,Thriftttyy,https://chat.whatsapp.com/BUfBcQ1JFnpBUFTfOPFAVF,Active
Crypto & Money,ğŸ’¯ğ•ğˆğ ğ’ğˆğğ†ğ‹ğ„ ğŒğ€ğ’ğ“ğ„ğ‘âœ”ï¸,https://chat.whatsapp.com/Cpl98JeM2en7IprLPGjqT8,Active
Crypto & Money,DERIV TRADING SNIPER ğŸ’¯ğŸ’¯ğŸ”¥ğŸ”¥,https://chat.whatsapp.com/CgiBuOcnePm3OgQfZvwsO0,Active
Shopping & Deals,ğŸ§¿Indian& West Resell grp,https://chat.whatsapp.com/BnV5rMtU30YEItLlK6eUnT,Active
YouTubers & Influencers,Free Monitization (sub4sub)(watchforwatch),https://chat.whatsapp.com/H05n86ZWzO1C62QyGQA6Hy,Active
Business & Startups,DU Business,https://chat.whatsapp.com/I3ppErw9W5f7tsmhVzxANc,Active
Crypto & Money,Earn Together,https://chat.whatsapp.com/Luv5MQGIXWmA6msJoLOjtR,Active
Crypto & Money,Forex Trading Signals & Market Analysis,https://chat.whatsapp.com/CUXPHtRLGEnA9rnij54Meb,Active
Girls & Friendship,à¤®à¤¿à¤¤à¥à¤° à¤ªà¤°à¤¿à¤µà¤¾à¤° ğŸ¥°,https://chat.whatsapp.com/LRjOLOnaX4x33uzVvxFUVI,Active
Movies & Web Series,Movies by battan,https://chat.whatsapp.com/LB2YkwDFdpxHeuK5EE7wpy,Active
General Mix,Features,https://chat.whatsapp.com/JNHw1gcPP80LPfMKla1j57,Active
Shayari & Love,Story teller's Haven,https://chat.whatsapp.com/HlRPuSA30sIGeRCeSflKti,Active
Gaming & Esports,Free fire tournament âš”ï¸,https://chat.whatsapp.com/Iayi0vHn71IHgfbhxcDm9I,Active
Shopping & Deals,Soft look store,https://chat.whatsapp.com/IqDOnvXT0U17DJqTYaYfkH,Active
General Mix,Features,https://chat.whatsapp.com/Cxu1XsagDwl9y0R9sa7SDV,Active
Crypto & Money,ğŸŒ ğ—¢ğ—¡ğ—Ÿğ—œğ—¡ğ—˜ ğ—˜ğ—”ğ—¥ğ—¡ğ—œğ—¡ğ—š Â ğŸŒ,https://chat.whatsapp.com/LrEFWu1AUm0D2Qox8eGbsK,Active
Jobs & Careers,jobs4u,https://chat.whatsapp.com/IRvEjMnqdPhAfUpfY3Bg7S,Active
Shayari & Love,ØªÙ€Ù€Ø¬Ù€Ù€Ú¾Ù€Ù€Û’Ø¹Ù€Ø´Ù€Ù€Ù‚ ÛÙ€Ù€ÙˆØ®Ù€Ù€Ø¯Ø§ Ú©Ù€Ù€Ø±Û“,https://chat.whatsapp.com/FKHwfnuzOhsBJhzcT57LgY,Active
Crypto & Money,Trading ğŸ’¸,https://chat.whatsapp.com/CRZBzb1yyFtDUTd87FbBa6,Active
YouTubers & Influencers,YT Support New,https://chat.whatsapp.com/FvuiYhAcyfr47qZVCrY9fo,Active
General Mix,Features,https://chat.whatsapp.com/Htjnmg2s2DZ1DWqcuXt7M5,Active
Shopping & Deals,Kerala Classified Hub 07,https://chat.whatsapp.com/DItkclPg30087V1WssfKAn,Active
Gaming & Esports,TGF GAMER,https://chat.whatsapp.com/FpQ3r0hEfCy7HsavLGqSyJ,Active
General Mix,Features,https://chat.whatsapp.com/FJ9xZmTjt8L99IadNoWR9s,Active
Movies & Web Series,Movies Free Download,https://chat.whatsapp.com/JO54FKv3dsgEEeBgUr2z46,Active
Crypto & Money,ğŸ’šEasy paisa & jazz cash real websiteğŸ‡µğŸ‡°ğŸ©·ğŸ’²â™¥ï¸,https://chat.whatsapp.com/BbViNr2EqgC28riX8UsqKL,Active
General Mix,ğŸ”¥Ê™á´€á´„á´‹ á´œá´˜ É¢Ê€á´á´œá´˜ Éªá´‹ 804ğŸ‡§ğŸ‡«ğŸ”¥G2,https://chat.whatsapp.com/JNZXJD7zGyv3Q4QXsXVs5N,Active
YouTubers & Influencers,ğƒğšğ§ğ¢ğ¬ğ¡ ğ“ğ«ğ®ğ¬ğ­ğğ ğ†ğ¦ğšğ¢ğ¥ ğğ®ğ²ğğ«11,https://chat.whatsapp.com/DFBa8VURPVM6jBzgKUF8wZ,Active
Tech AI & Coding,Dazzlite Blogging Community,https://chat.whatsapp.com/CtaueLOCCre1n2ICucg1yr,Active
Shopping & Deals,ğ™‚ğ˜¼ğ˜¿ğ™‚ğ™€ğ™ğ™ ğ™ğ™‹ğ™ƒğ™€ğ™ğ™€ ğŸ›’ğŸ›ï¸,https://chat.whatsapp.com/EU7VjrAsFKR7N6w4FnXJJw,Active
Crypto & Money,Real Earning,https://chat.whatsapp.com/BQR57546wR5HobjaTfsqkr,Active
Jobs & Careers,Office Work Vacancy,https://chat.whatsapp.com/Fuar2CvJCAG2T9DNmZHt6b,Active
YouTubers & Influencers,*âªsocial media ğ—¦ğ—²ğ—¿ğ˜ƒğ—¶ğ—°ğ—²ğ˜€ â¾â†§â†§â†§* âœ…ğŸ”¥,https://chat.whatsapp.com/FGsQpTlweKV5r6exk4JOjI,Active
Girls & Friendship,Â°â€¢ê‰“êƒ…êê“„ê“„ê€¤êˆ¤ê… ê‰“ê’’ê‚¦ê…êˆ¤Â£êŒ—â€¢â€¢,https://chat.whatsapp.com/DpkJ82JNsqpLOpmVtv9bTT,Active
Business & Startups,THE PUBLISHING CHEF - D2D,https://chat.whatsapp.com/KmxVTdtGrRaFpoytOMGJFB,Active
Crypto & Money,Traders Terminal - Group,https://chat.whatsapp.com/HSdak88tiAp5KBbCbdPQUz,Active
Jobs & Careers,Job News1ï¸âƒ£à´¤àµŠà´´à´¿à´²à´µà´¸à´°à´™àµà´™àµ¾ ğŸ‘”ğŸ’¼,https://chat.whatsapp.com/JR8ijplvkoDKSd7XDWblC3,Active
Crypto & Money,OPTIONS EXPERT ğŸ“ˆ,https://chat.whatsapp.com/Ciy223029Ka19Na4Md8bcC,Active
YouTubers & Influencers,Tiktok Likes And Followers Hasil Karo,https://chat.whatsapp.com/LK6pgLF2Lap9TufbFHgDWI,Active
YouTubers & Influencers,SubSwap,https://chat.whatsapp.com/FA6qpaDEm8cJMoqLtwRSAL,Active
YouTubers & Influencers,Youtube chanel Buy & Sell âœ…,https://chat.whatsapp.com/J6P4A1z6qMNIU6qFhHh5qP,Active
General Mix,Features,https://chat.whatsapp.com/Jabg8Hz6xnHBIviYFz7WYP,Active
General Mix,Onlinetia ğŸŒŸ,https://chat.whatsapp.com/KlONoUFjYvPDRWJ51nsfnJ,Active
Food & Travel,Cheapest travel,https://chat.whatsapp.com/CtjZYd5wvBJ4TBr0wrNPDK,Active
Girls & Friendship,INTERNATIONAL FRIENDSHIP ğŸ‡¹ğŸ‡¿ğŸ‡°ğŸ‡ªğŸ‡ºğŸ‡¬ğŸ‡¿ğŸ‡¦ğŸ‡°ğŸ‡·ğŸ‡ºğŸ‡¸ğŸ‡¬ğŸ‡§ğŸ‡®ğŸ‡³ğŸ‡®ğŸ‡¨ğŸ‡¨ğŸ‡¦,https://chat.whatsapp.com/GWJlAkbhXsV0BbEhevsrB4,Active
News & Politics,à¤°à¤¾à¤¯à¤ªà¥à¤° à¤–à¤¬à¤°,https://chat.whatsapp.com/CP1DxkRjIwcHUDbqDpBAsS,Active
Crypto & Money,ğ”½ğ• ğ”¾â„ğ”¼ğ”¼â„• â„™ğ•€â„™ğ•Š ğŸ’¯âœˆï¸,https://chat.whatsapp.com/DXtNKYnf0bB1bw4hYXW3bY,Active
General Mix,â—•DARK UNIVERSE GROUPâ—•,https://chat.whatsapp.com/HtC3Ig8MGwu6R9ZIdvnvH5,Active
Religion & Spirituality,Balu Tola Islamic Council,https://chat.whatsapp.com/FpIZIwU6hOpFWnLcgqngal,Active
Cricket & Sports,Local Cricket Council (LCC) Â®,https://chat.whatsapp.com/DMwNMCJrSbq4LlQpTUS7Rv,Active
Jobs & Careers,Job Search 1ï¸âƒ£,https://chat.whatsapp.com/ERt54c4wBTJ8AAM2MxsmPB,Active
Crypto & Money,Earn daily,https://chat.whatsapp.com/Ec6jXxb4OpVDyVY7ommOXY,Active
Tech AI & Coding,HACKING INFORMATION,https://chat.whatsapp.com/DJjkRSL57NC7VexhBkbxKo,Active
Religion & Spirituality,Ø§Ù„Ù„Û ØªØ¹Ø§Ù„ÛŒÙ° Ø³Û’ Ø¬Ú‘Ù†Û’ Ú©Ø§ Ø³ÙØ± ğŸ•ŒğŸ•‹ğŸ•Œ,https://chat.whatsapp.com/LeRcCY5ySd15y9gJW8uZG1,Active
Crypto & Money,Crypto Currency business 786,https://chat.whatsapp.com/ENNsbPFeioO2h7b3jEoMdb,Active
YouTubers & Influencers,TikTok followers like views,https://chat.whatsapp.com/DsGMRi5uZBwKwAviEOM9gI,Active
Crypto & Money,DAILY EARNINGS âœ…,https://chat.whatsapp.com/IDOTcUUizmDD5QI14PkwxN,Active
Jobs & Careers,Internship Program Update,https://chat.whatsapp.com/DJQOJiiNFA18vZXd5eo8BC,Active
General Mix,Features,https://chat.whatsapp.com/BCU7qk7EEhCK7Ln0ibRvGP,Active
Gaming & Esports,FREE FIRE TOURNAMENT ğŸ’¥,https://chat.whatsapp.com/J9nhWu80tMhHdDamrqSndu,Active
Religion & Spirituality,ğŸ•Œ ÉªË¢â„“Î±áµá¥ê¸ || ä¹™Ã˜Î·Ò½ ğŸ•‹â•ğŸ“š,https://chat.whatsapp.com/HFwQOk9tTK42bUF5rvINIB,Active
General Mix,Features,https://chat.whatsapp.com/ETI2RhhSzPyKCQjDcBo0Ah,Active
Shopping & Deals,'ğ€ğ‡ ğğ«ğšğ§ğ âœ¨ ğ’ğğ‚ğˆğ€ğ‹ ğ’ğ¡ğ¨ğ© ğŸ,https://chat.whatsapp.com/IK8faqHD4krLjkqEpHyNHP,Active
General Mix,Features,https://chat.whatsapp.com/KCXna3mdFUc1eiEDbGWxSB,Active
Gaming & Esports,ASIA NO 1 BGMI UC SALES,https://chat.whatsapp.com/FlFOYh5kmg4H0FBQSmXA2i,Active
Gaming & Esports,MT PUBG STORE,https://chat.whatsapp.com/DCS5JwZvUfTEPRyXACcq3F,Active
Crypto & Money,Demat Account Handling,https://chat.whatsapp.com/FFh8XSUXC6R4veOlhlhW4s,Active
General Mix,Features,https://chat.whatsapp.com/K7zoGzI4UR1219tyfM6PeE,Active
General Mix,Features,https://chat.whatsapp.com/JS2gf18C9fN9jb2bVVtlGt,Active
General Mix,Features,https://chat.whatsapp.com/KOjyotqL7Ic5049u6cPYD3,Active
General Mix,Features,https://chat.whatsapp.com/IDN1j2ZymWOGEZdYwERZLj,Active
Crypto & Money,Family Traders,https://chat.whatsapp.com/LorXNfdnsdvAmS8vLUBKAg,Active
Gaming & Esports,GameS we love,https://chat.whatsapp.com/Jy6wudGhjq8LZO6PSNYHEa,Active
Gaming & Esports,MODVO eFOOTBALL STORE(1ï¸âƒ£),https://chat.whatsapp.com/FDvzSxHZQkIJ65FcxP4LIF,Active
Cricket & Sports,Cricket prediction,https://chat.whatsapp.com/EpI1XDmwdg1ESm3gBorhMN,Active
Business & Startups,CONSULTANT,https://chat.whatsapp.com/F5gzhMI5vKe3k0ts8BAaeJ,Active
General Mix,Features,https://chat.whatsapp.com/IJ0KD5dveLTFH1ZkE8RIA0,Active
General Mix,Features,https://chat.whatsapp.com/EgAVEekfozyIG11zvCBiCW,Active
General Mix,Features,https://chat.whatsapp.com/EZayrgFgWR30TwFsYynopI,Active
General Mix,Features,https://chat.whatsapp.com/HHDIgTqW8JXFMiqRUeuioo,Active
General Mix,Features,https://chat.whatsapp.com/EDsIZQZtfpw2XpWj4t5OPS,Active
Girls & Friendship,Skin Care ğŸ’«And Makeup âœ¨ï¸ğŸ’„Tips,https://chat.whatsapp.com/GTXJr0cQOGe80aQji5MrVl,Active
General Mix,Features,https://chat.whatsapp.com/LSrBSvb0xQWAKrNAwIDYV2,Active
General Mix,Features,https://chat.whatsapp.com/BVJWphVWvEn0qf3CQXpwii,Active
General Mix,Features,https://chat.whatsapp.com/FYnmD0hUuh5FlYeLlvKowZ,Active
Education & Students,"CBSE, JEE, NEET, and Other State Boards Exams Study Materials at One Place ğŸ“š",https://chat.whatsapp.com/Bc8NbmbVm8rKdO6VzBP4N9,Active
General Mix,Features,https://chat.whatsapp.com/LSBOjRfYcAiBtyfM8UrPsE,Active
General Mix,Features,https://chat.whatsapp.com/GA7ZZZLiWvx45umOEixam9,Active
Shopping & Deals,Girl's Fashion ğŸ›ï¸ğŸ›’ğŸ‘—,https://chat.whatsapp.com/F7N4yUwqaye531NYYNZC2v,Active
General Mix,Features,https://chat.whatsapp.com/HudgEssK5hGG08RlhP0qie,Active
Jobs & Careers,Sarkar Portal Hindi,https://chat.whatsapp.com/LqI6hNvxnCXCPSSuB87x4M,Active
General Mix,Features,https://chat.whatsapp.com/EHfz2ZD6doQBb3sJ3JVnb4,Active
General Mix,Features,https://chat.whatsapp.com/5cHT4HTrly3EScPP0Na0YX,Active
General Mix,Features,https://chat.whatsapp.com/22zxXKfmHm0Js15P5nkVle,Active
General Mix,Akwely yeton,https://chat.whatsapp.com/6e8gHpOIb5OG9P49rSaFyS,Active
General Mix,Features,https://chat.whatsapp.com/87Q9qzlC3Tr60zehNJWibo,Active
General Mix,Features,https://chat.whatsapp.com/JJgWDdESfseD7ijWv1dV7S,Active
General Mix,Features,https://chat.whatsapp.com/2F0S0DPkNBcLM6OfnDmDwj,Active
General Mix,Features,https://chat.whatsapp.com/C8bTRsJyznWARj0z1pyPTx,Active
General Mix,Features,https://chat.whatsapp.com/KAhiA9mO4AD4fsmsbXpsdm,Active
General Mix,VIRUS LEFT GRUOP ğŸ˜¡ğŸ’£ğŸ˜¡ğŸ’£ğŸ˜¡ğŸ’£ğŸ˜¡,https://chat.whatsapp.com/GLx7KeiqYM2AvZkzTJKsd5,Active
General Mix,Features,https://chat.whatsapp.com/59KHlErFzJI0om4AB8WKqJ,Active
General Mix,Features,https://chat.whatsapp.com/J0Ypb71rLXM0gEvpAeW5CP,Active
General Mix,Features,https://chat.whatsapp.com/E9XdWhrvjuYFc2udMKi35G,Active
General Mix,Features,https://chat.whatsapp.com/JPta21YStwzH9ODh8dEl03,Active
Crypto & Money,Free earing ğŸ¤‘ğŸ¤‘ğŸ¤‘,https://chat.whatsapp.com/9YWEVfgpycJA1qjVcqQVn4,Active
Crypto & Money,Online struggle ğŸ’ªğŸ¿,https://chat.whatsapp.com/7KCJjmM53lG32VTOxu1KMU,Active
General Mix,Features,https://chat.whatsapp.com/C5qlYy4GqfQ0JcLwIq9zCd,Active
General Mix,Features,https://chat.whatsapp.com/EvXEstgCtSx9BfQMANqXRj,Active
General Mix,Features,https://chat.whatsapp.com/CjO1mbst4Wq14fyIRNkmHE,Active
Shayari & Love,i love my india,https://chat.whatsapp.com/KAQkjpeyVCiLeKVYCySrG4,Active
General Mix,Features,https://chat.whatsapp.com/D7wxU2rwmJsADjlXcGNKsD,Active
General Mix,Features,https://chat.whatsapp.com/BU5Ird1pGxvGl2iG5F4If2,Active
Gaming & Esports,Join Teen patti Gold And Master call uss 8805053049,https://chat.whatsapp.com/KkTr80mPKTu31XphVFvuvD,Active
Crypto & Money,Ò“Ê€á´‡á´‡ á´„Ê€Êá´˜á´›á´ á´€ÉªÊ€á´…Ê€á´á´˜ ğŸ˜‰,https://chat.whatsapp.com/GeOqSekEiIN19iTpKxYwpu,Active
Shayari & Love,ğŸ’«ÃÃ¸Ä›Å¥Å™Ã½ğŸŒ¹ÎºÃ¯ğŸ’duÎ·Ã¯yÎ±ğŸŒ,https://chat.whatsapp.com/LdCjND4UhLIKB95uKECGGF,Active
Religion & Spirituality,ğŸ•‹âœ¨ ğ—œğ—¦ğ—Ÿğ—”ğ— ğ—œğ—–_ğ—•ğ—˜ğ—¦ğ—§_ğ—¦ğ—§ğ—”ğ—§ğ—¨ğ—¦ ğŸ•‹âœ¨,https://chat.whatsapp.com/FARN3rx2KLWE1GRJ2W6so5,Active
Cricket & Sports,COMING SOON.....,https://chat.whatsapp.com/CdwG6GKwh429H0hGcGkjE8,Active
Movies & Web Series,â­‘ğ‘œá­„ğ“ƒ®âŠ°âš”ï¸ğŸ¬Drama and musicğŸ¬âš”ï¸.âŠ±.ğ“ƒ®.ğŸ‚¡à§ÍœÍ¡,https://chat.whatsapp.com/JKMwSPSd9lX8aMV4DvyXPY,Active
YouTubers & Influencers,SOCIAL NETWORKING,https://chat.whatsapp.com/KDFZ05eXu3vC50fFhTRbBV,Active
Crypto & Money,IMS EARNG OTP PROGRAM,https://chat.whatsapp.com/D2f1rZKASOf4HziUcWXWh6,Active
Crypto & Money,ğ™‚ğ™¤ğ™¡ğ™™ ğ™ğ™£ğ™ğ™¥ğ™šğ™§ğ™¨_ğŸ¹ğŸ¼ğŸ¿ ğŸ¥·ğŸ¼,https://chat.whatsapp.com/DF3fzBt3MXM4BBdVGHhZo8,Active
Religion & Spirituality,Allama Muhammad Umar Faiz Qadri,https://chat.whatsapp.com/BYrK4SAbwCj6RVHwP4GH3c,Active
General Mix,Mad people,https://chat.whatsapp.com/IkBxg0asMUp9plw4Q6emBR,Active
Cricket & Sports,ğŸ…²ğŸ†ğŸ…¸ğŸ…²ğŸ…½ğŸ…´ğŸ†ƒ ğŸ ğŸ…¶-0ï¸âƒ£2ï¸âƒ£,https://chat.whatsapp.com/IK6MQBbRAtnAUzVsHcAUWO,Active
YouTubers & Influencers,New Youtuber Supporter,https://chat.whatsapp.com/Lb2PIFLsvtKEHH4vkgepWE,Active
Shopping & Deals,Online Shopping ğŸ“² by whatsapp,https://chat.whatsapp.com/H9V2HVeJ88RBtAy7loyzLq,Active
Jobs & Careers,Global VA Freelance group,https://chat.whatsapp.com/B9BJxpkRZLg2cbgHvlFb6B,Active
Gaming & Esports,Minecraft Friends Circle,https://chat.whatsapp.com/I6xMGvh13muDLAYgTilNiw,Active
Gaming & Esports,Minecraft Builders & Creators,https://chat.whatsapp.com/BgHfaTiNDOJ5is4Z2zkCHM,Active
General Mix,Broadcast,https://chat.whatsapp.com/JjIKlvaGv3p9M8W9GG2jPI,Active
Shayari & Love,ğŸ’”ğŸ’”Udass zindgi ğŸ¥€ğŸ’”ğŸ˜”,https://chat.whatsapp.com/Kq6OfmIGq4YAiO2WU08IUs,Active
Gaming & Esports,Minecraft PvP Training Arena,https://chat.whatsapp.com/L2wmTbU8kif3VX6vrBcgT7,Active
Shopping & Deals,NON CUSTOM MOBILE STORE,https://chat.whatsapp.com/CGdrAVSAKI2H1GM4dKdKxk,Active
Shayari & Love,Love and Dating ğŸ’“ğŸ’“ğŸ’“,https://chat.whatsapp.com/ES3lAiUoK5I1QkN6kKFEnk,Active
General Mix,Ngfdopufdf,https://chat.whatsapp.com/CvuBUlCjzSv1ZlIhhL2ACE,Active
YouTubers & Influencers,SUB TO SUB GROUPğŸ˜Š,https://chat.whatsapp.com/JE9xd1CrhceK8wjUaKVgwx,Active
General Mix,Features,https://chat.whatsapp.com/IrSoQAZ8YYM17y90GkZPJj,Active
Crypto & Money,ğŸ‰Forsage.io GroupğŸŠ,https://chat.whatsapp.com/DcZ37ou9X9z6x7sUDIfgEE,Active
Crypto & Money,Crypto Heists,https://chat.whatsapp.com/HhD97Q7SMeLFLoxBBPFvPa,Active
Shopping & Deals,ZK store,https://chat.whatsapp.com/DWk8vBaMaJX9TF9v5Z3d8q,Active
Crypto & Money,Er.Trader's,https://chat.whatsapp.com/HhXqyfjL0Bo0EVLZLIrocN,Active
Jobs & Careers,PAK JOBS,https://chat.whatsapp.com/Ey4CweC0OcTKBJo75Euf0N,Active
Shayari & Love,â—¦â€¢â—â¤â™¡ ØªÙ†ÛØ§Ø¦ÛŒ Ù¾Ø³Ù†Ø¯ Ù„Ú‘Ú©Ø§ â™¡â¤â—â€¢â—¦,https://chat.whatsapp.com/E61qgXpWAMD4tafi4zNW5i,Active
Shopping & Deals,LOW PRICE ACCOUNT SALE GROUP ğŸ’¯,https://chat.whatsapp.com/J6ePjj3xXnn66o5uhFLMGC,Active
General Mix,Features,https://chat.whatsapp.com/BApU9hJ0yrI6zyAUJ69EKp,Active
General Mix,Features,https://chat.whatsapp.com/J7kteZcRXtE8P99x1HkwuK,Active
General Mix,Features,https://chat.whatsapp.com/ILvBbqnTbfHBbdfDMNtDOd,Active
YouTubers & Influencers,Yt Attock group,https://chat.whatsapp.com/JNiC3PUMjYd1KX34yTbh6P,Active
USA & International,RAMA@13 INTERNATIONAL,https://chat.whatsapp.com/D8iFcQlA37g4YWXQXmNXO6,Active
Food & Travel,Gilget Baltistan and K2 Tourism and Guiding,https://chat.whatsapp.com/ExaJHbZZ0sM6yvSU2RyaBD,Active
Cricket & Sports,Cricket blast,https://chat.whatsapp.com/FVVVdCk29gK5hKhqdVTYEH,Active
General Mix,Features,https://chat.whatsapp.com/GeihRvvLg2DI9PVnr0C8G8,Active
Tech AI & Coding,Information Technology Study Group ğŸ’¯,https://chat.whatsapp.com/GlYVdiTLJvf8A1w3G2G9PT,Active
General Mix,Features,https://chat.whatsapp.com/HUi8nMf06ju4Pizmek3Xps,Active
General Mix,Refer,https://chat.whatsapp.com/EmxOrx7i56g8EmBbKMtabK,Active
Education & Students,Gayatri Training CenterğŸ›©ï¸,https://chat.whatsapp.com/IHP073PXSNXBlkIZ4iQonM,Active
General Mix,Features,https://chat.whatsapp.com/F7aKGoGdNPP2GHPnAt1ykS,Active
Shopping & Deals,MM RESELLING HUB ( SMM )ğŸ‘‘ğŸ¤,https://chat.whatsapp.com/DJd3cUPnPuyL6i6nxoixCM,Active
Girls & Friendship,International friendship ğŸ«‚ğŸ¥°,https://chat.whatsapp.com/HLMv0Z9d29j1aWeh1gW8dV,Active
YouTubers & Influencers,INSTAGRAM FOLLOWERS ğŸ‡®ğŸ‡³ğŸ“ˆğŸ“Œ,https://chat.whatsapp.com/Hq7tyRcranZLfTdHeFZxMu,Active
YouTubers & Influencers,Mr Zeeshan Yt Buying & Selling group,https://chat.whatsapp.com/FuPpNYtxvLFKHaS0qswLGh,Active
Business & Startups,Global Consultant 1,https://chat.whatsapp.com/BA84Qk3d6dE2BJjFyREK68,Active
General Mix,JANKARI.COM(13),https://chat.whatsapp.com/Bw4ZYfejpCK16xVPPJ78jk,Active
Cricket & Sports,ğ’ğ®ğ«ğ ğ‚ğ«ğ¢ğœğ¤ğğ­ ğğ«ğğğ¢ğœğ­ğ¢ğ¨ğ§ğŸ†,https://chat.whatsapp.com/LaUmVLOsXkV0MbjJu6HRLM,Active
Food & Travel,We Need A Break ğŸï¸,https://chat.whatsapp.com/Kxq7yOtJl631muIDQWGjdr,Active
Crypto & Money,BINANCE INVESTMENT MILLIONAIRE EARNERS PLATFORMğŸ“Š,https://chat.whatsapp.com/Gfda1fzQ3dI7sR6rWuge3y,Active
General Mix,Off group,https://chat.whatsapp.com/IHheei0cgzlJYqSa7V2M7R,Active
Religion & Spirituality,ğ„Ÿâ‰›âƒ Â á¶¥â³Í¢â¤ï¸â™¡ğŸ…¸ğš‚ğ™»ğ™°ğ™¼ğ™¸ğ™²â™¡ğŸ…¶ğšğ™¾ğš„ğ™¿â™¡à¹›âƒ á­„ Ì½â¤ï¸,https://chat.whatsapp.com/JHrgWktwI1y3BtAeZwvu2M,Active
Jobs & Careers,Freelancing HubğŸ§‘ğŸ»â€ğŸ’»,https://chat.whatsapp.com/B9FkaTCYtnmHkSZWCyHgRV,Active
Gaming & Esports,TWO FACE Â FF STOREğŸ’«,https://chat.whatsapp.com/LwqoteMctcZEr4L2VimyLy,Active
Girls & Friendship,Chat 'n chillğŸ¥°ğŸ˜…,https://chat.whatsapp.com/DeMV56Zd69B8zz5cKZyx3d,Active
Crypto & Money,BANKNIFTY EXPERT ğŸ’¯ guarantee,https://chat.whatsapp.com/LBXiGCwki9o7RmIQuybJrV,Active
Cricket & Sports,á´¬áµá´¿á´¬Â°á­„á´„Ê€Éªá´„á´‹á´‡á´› á´˜á´€á´‹Éªêœ±á´›á´€É´à¿,https://chat.whatsapp.com/ERtIXlEhNKy2ZYvS4omgSx,Active
General Mix,Features,https://chat.whatsapp.com/FqBizimApVWBlnI9luraey,Active
Crypto & Money,Stock market India,https://chat.whatsapp.com/HQmswTocozS2xac8sCr348,Active
Shopping & Deals,Anfazon brand,https://chat.whatsapp.com/HE2Nb9fuFGD0ylbRw2e5jh,Active
Crypto & Money,Timebucks Tips and tricks,https://chat.whatsapp.com/DJvpawdkBYIATKvPPUMpCT,Active
General Mix,Features,https://chat.whatsapp.com/Gzqvc9ZpdDx4FW83INnOq6,Active
Business & Startups,TS & AP Real estate Advisors,https://chat.whatsapp.com/EadbxRay3HV8b6FrwlnQ2r,Active
News & Politics,ABVP Secunderabad Jilla 2025 ğŸš©,https://chat.whatsapp.com/FuhEM4ZS9uI5SZf5ltBvpX,Active
Crypto & Money,Money earn Â tricksğŸ’«,https://chat.whatsapp.com/FQ1jSUnFQOFEBkCnEhNiFL,Active
Jobs & Careers,Internship & job opportunities ğŸ’¼ğŸ“,https://chat.whatsapp.com/HXn1A6jLsL3KiOTpAIeRhl,Active
News & Politics,DAILY HINDI NEWS,https://chat.whatsapp.com/L6t0KjO9XRv5eOvYF75PyM,Active
Crypto & Money,ğŸ’°FOREX GOLD TRADINGğŸª™,https://chat.whatsapp.com/LFz6lsOez0C2lNEIM4aYvV,Active
Religion & Spirituality,Servent Of Allah ğŸ¤,https://chat.whatsapp.com/J2mjdml0SrVCem32w9vJmW,Active
Crypto & Money,ONLINE EARN,https://chat.whatsapp.com/FQTCtIhcVRhF2uEqvxtznH,Active
YouTubers & Influencers,ğŸ’œ|| ğˆğğ’ğ“ğ€ğ†ğ‘ğ€ğŒ ğ‘ğ„ğ€ğ‹ ğ…ğğ‹ğ‹ğğ–ğ„ğ‘ğ’ ||ğŸ’œ,https://chat.whatsapp.com/K5QCUVwCczB90UZNlYYVem,Active
General Mix,Features,https://chat.whatsapp.com/Hy0BFIeTlZmLesGYX5hz8V,Active
General Mix,Ganu group,https://chat.whatsapp.com/FAyN1cvldjD3qw12iQBpEk,Active
Jobs & Careers,Sunhr job group 1,https://chat.whatsapp.com/HG257eP9eWj1UpMyeo1NgG,Active
Movies & Web Series,All movies group,https://chat.whatsapp.com/DhA05LLFscpFNMDj2BDlzC,Active
Gaming & Esports,â­ ğ•ƒğ•†â„ğ”» ğ”½ğ”½ Â  [[ğš’ğš ğšœğšğš•ğš• ğšŠğš—ğš ğš‹ğšğš¢]] 0ï¸âƒ£1ï¸âƒ£ ğŸ’¯,https://chat.whatsapp.com/GUZaDR9AzjoK4aXULVgTNn,Active
General Mix,Features,https://chat.whatsapp.com/LMfwmScwVquC1JEZkLy2me,Active
Crypto & Money,FOREX GOLD EXPERT ğŸ“ˆğŸ“‰ğŸª™,https://chat.whatsapp.com/EHKZiuRJTMKGtFh7UfpG3y,Active
YouTubers & Influencers,Subscribe seller group,https://chat.whatsapp.com/J8X1MtxaSapG2qKgUHwj6u,Active
Crypto & Money,Online Earning With MI,https://chat.whatsapp.com/Jc5WNQf04idBwg7SNHDXqi,Active
Crypto & Money,$AZC $PI & $AVIVE NEWS,https://chat.whatsapp.com/K4txGjaCQVkG0kVozcLQXi,Active
Jobs & Careers,Baidesik Rojgari ğŸš€ğŸš€ğŸš€,https://chat.whatsapp.com/FcJr0Xp7c3sHJyV6kRB6N5,Active
Shopping & Deals,ZARR sales only Bengaluru,https://chat.whatsapp.com/HNmTrTROUoE4sfUbP7wqZx,Active
Movies & Web Series,ãƒŸâ˜… ğ˜›ğ˜¢ğ˜®ğ˜ªğ˜­ ğ˜®ğ˜°ğ˜·ğ˜ªğ˜¦ğ˜´ ğ˜¥ğ˜°ğ˜¸ğ˜¯ğ˜­ğ˜°ğ˜¢ğ˜¥ â˜…å½¡,https://chat.whatsapp.com/HfiGUQ5HhmLJxmNCM07xs5,Active
Crypto & Money,Online earning,https://chat.whatsapp.com/HcavQe8havoKe96Dsrsalg,Active
General Mix,Features,https://chat.whatsapp.com/BdcLifjkjNxE8ZMRBjnpGf,Active
YouTubers & Influencers,Subscribe exchange,https://chat.whatsapp.com/CSd01Lur4BrDYVGd6yjPBl,Active
General Mix,Features,https://chat.whatsapp.com/H7JVabRC8TMHKZvmQijHml,Active
General Mix,Features,https://chat.whatsapp.com/DSXUIWnIFSX759Mgy5J9ao,Active
General Mix,ğŸŒ ğ—–ğ—¢ğ— ğ—œğ—¡ğ—š ğ—¦ğ—¢ğ—¢ğ—¡ ğŸŒ,https://chat.whatsapp.com/HAHW2MZgdnO5mP9YpsJyml,Active
Tech AI & Coding,Xandertech Group 3,https://chat.whatsapp.com/GYArTXdhWXdH0z6Bt8BS7l,Active
General Mix,Features,https://chat.whatsapp.com/CYfAVWKUBy62dfGgD3fONq,Active
Tech AI & Coding,LOGOOART DRAWING TIPSâœï¸,https://chat.whatsapp.com/CeagTN8ksjI5hyqW0N3vcc,Active
Crypto & Money,ğ™ˆğ™–ğ™¡ğ™ğ™  ğ˜¾ğ™§ğ™®ğ™¥ğ™©ğ™¤ ğ˜¼ğ™˜ğ™–ğ™™ğ™šğ™¢ğ™®,https://chat.whatsapp.com/B5aa3VqfZebG8YfgbOMk7B,Active
Girls & Friendship,Foreign People,https://chat.whatsapp.com/JsCwq1hY4Da0YFa8QAcUwU,Active
Shopping & Deals,Online shopping ğŸ›ï¸,https://chat.whatsapp.com/Ez695g7uJ5OBO4NUbiyHgu,Active
Jobs & Careers,Rafa international pvt Ltd new delhi,https://chat.whatsapp.com/JPgc45ga4qNHq7zVCgydzi,Active
General Mix,Features,https://chat.whatsapp.com/EbHSQuEDQcQ250RsoeKynz,Active
Shopping & Deals,ANMOL STORE-2,https://chat.whatsapp.com/B5trZX06arDCYIctBRvjIc,Active
Shopping & Deals,Only Karachi ğŸš˜car sale purchase,https://chat.whatsapp.com/EnP3c0DmTr4CvV93aP1Hhx,Active
Shopping & Deals,ğŸ¤‘Avenue tous vendre(237)ğŸ¤ğŸ½,https://chat.whatsapp.com/20vKKmzwTPE2VmceFA5OAl,Active
Shopping & Deals,Clothes Group,https://chat.whatsapp.com/JltcUOlFWaLKsDUtJwFJHi,Active
General Mix,Features,https://chat.whatsapp.com/GxTkm45ctiQ3LqGaSb39Ic,Active
Crypto & Money,STOCK MARKET SCHOOL 1 ğŸ’¸ğŸ’¸,https://chat.whatsapp.com/B4mjoqQzgQgHn103kgKN6F,Active
Jobs & Careers,Online official work,https://chat.whatsapp.com/Fw93ZInByY2Gq3r74BPRvr,Active
General Mix,Features,https://chat.whatsapp.com/GZZrAC8oBq8Lml2KXletwp,Active
General Mix,ğŸ†ğ”¼ğ• ğ•œğ•’ğ•™ğ•ğ•šğ•• ğ•§ğ•šğ•¡ ğ•˜ğ•£ğ• ğ•¦ğ•¡ğŸ†,https://chat.whatsapp.com/Kxw5kXsNl6xD2QeP65OXMf,Active
Crypto & Money,Trade Master ğŸ’¯,https://chat.whatsapp.com/JATKp4wQaW0HrCkJqK2tu2,Active
General Mix,Features,https://chat.whatsapp.com/FDHv7ZXnqZK30HM3dBmRgX,Active
News & Politics,News Update,https://chat.whatsapp.com/BVUx6ibdlAJGBbdXNZyy0z,Active
General Mix,Features,https://chat.whatsapp.com/Bf80OQHMkATAFt5F5sfXyy,Active
General Mix,Features,https://chat.whatsapp.com/DcczxbgFclV4vugutaecRP,Active
Gaming & Esports,NUNU FF GAMER,https://chat.whatsapp.com/JM10Z3Bpg4X81ZNMII2wtf,Active
General Mix,Features,https://chat.whatsapp.com/FacmBumlilz3aa4Re5hACY,Active
General Mix,Features,https://chat.whatsapp.com/E7hDYrpUBJIEuX797LQpY0,Active
General Mix,Features,https://chat.whatsapp.com/GzAla3I1Rc9Lmv4n2YWYrz,Active
Cricket & Sports,Cricket Quiz Battle Win Prize ğŸ¤‘ğŸ¤‘,https://chat.whatsapp.com/HMG2tPQnh4L9zS2iqcBkLg,Active
Jobs & Careers,à¤²à¥‹à¤•à¤² Assignment (near your area),https://chat.whatsapp.com/JvCSgsIE6qEDrMbGO7ZMPr,Active
General Mix,Morning,https://chat.whatsapp.com/JjMafRcIrr73mj4VUcQ4QD,Active
General Mix,Features,https://chat.whatsapp.com/IN9gSG0DqifJhguEHKFFDa,Active
General Mix,Features,https://chat.whatsapp.com/HBXg3iI8q6o8ubGIeT7j1Q,Active
Jobs & Careers,Work from home,https://chat.whatsapp.com/BSp3xt2rbyV1GkzOw0TmjX,Active
General Mix,Features,https://chat.whatsapp.com/LA6Mjakw1Gx3e1GNS9UZZS,Active
Shopping & Deals,fashion deals,https://chat.whatsapp.com/LFZItwvcpvF0LQD12zZeIl,Active
General Mix,Features,https://chat.whatsapp.com/EFQWWz3VusOFLqfhQtYzsf,Active
General Mix,Features,https://chat.whatsapp.com/ESTaPnhad0UATYbS34096P,Active
Education & Students,Education news 18âœï¸,https://chat.whatsapp.com/JAFps7gExj8H96DRQgxUYu,Active
Cricket & Sports,ğŸ”´ ğ˜¾ğ™§ğ™ğ™˜ğ™ ğ™šğ™© | âš« ğ™ğ™¥ğ™¤ğ™§ğ™©ğ™¨ ğ˜¼ğ™§ğ™¢ğ™®ğŸğŸ”¥,https://chat.whatsapp.com/GfiSb0Puaho5nvcLlI0BPq,Active
Jobs & Careers,Latest Jobs In Pakistan 28,https://chat.whatsapp.com/I9IyNaM9NI8D9CQWF4nFap,Active
Shopping & Deals,Shop With Angelaâ€™s luxury ğŸ¥¹ğŸ›ğŸ›’,https://chat.whatsapp.com/DpDv6zDsOOe65nAcjJEEjR,Active
General Mix,Features,https://chat.whatsapp.com/BDehg6IGgGL8KzNUA9WQuf,Active
Gaming & Esports,GlobalchickenğŸ—chasers (pubg),https://chat.whatsapp.com/HPE5IU0ZDxfHrDGFdxYU1o,Active
General Mix,Features,https://chat.whatsapp.com/GDl5SSZz9To5uOx1t2CB0n,Active
General Mix,Features,https://chat.whatsapp.com/KaIAj6mbZZ1ElSovKgIQoz,Active
General Mix,Features,https://chat.whatsapp.com/GWROoYfhAvfBrK2PtfxEMR,Active
Gaming & Esports,Anything GAMES,https://chat.whatsapp.com/GA1ZRUVippBBiOjK3Nj6Rm,Active
General Mix,Features,https://chat.whatsapp.com/DS9dkMEL0u70RfUbcPkLGw,Active
General Mix,Features,https://chat.whatsapp.com/Jh77kOjIBLT7MpFxT1vsjt,Active
General Mix,Features,https://chat.whatsapp.com/DsJ0uVdauUv2BcSDDPxCzX,Active
Shopping & Deals,Easy Online Shopping ğŸ›ï¸,https://chat.whatsapp.com/Jxj6X4IqfdRFidoE2wOaDV,Active
Shopping & Deals,Cloth Store,https://chat.whatsapp.com/LSAN5Wpr4Dj5D3EmXZDzAZ,Active
General Mix,Features,https://chat.whatsapp.com/FRrZNMfoSYO3l4D76WHHmy,Active
Crypto & Money,PRO EAGLE FX Â TRADER,https://chat.whatsapp.com/La6gNt0hAW3JYRElQ3CcFb,Active
Movies & Web Series,"Entertainment, fun and poetryğŸ˜Š",https://chat.whatsapp.com/Ff3qt9M83Va9j9DiPUMzn5,Active
Crypto & Money,Ghost trading hub,https://chat.whatsapp.com/CpOdML6bRHtHFOcOA0mREh,Active
Tech AI & Coding,Photography,https://chat.whatsapp.com/ITjxszIX6ML1l3FGBrHKNi,Active
General Mix,Features,https://chat.whatsapp.com/BUm8sn24HPZEXezIYPD2Sm,Active
Crypto & Money,ğŸ”¥ğŸŒ¹ TRADE TOGETHER VIP COMPOUNDING ğŸ’¯ğŸŒ¹âœ¨,https://chat.whatsapp.com/KRgQJ4kBJAo2SGHA6aBcCW,Active
Shopping & Deals,Online Â Shopping Group,https://chat.whatsapp.com/DDxbAul7X2W4pH9sn64pB9,Active
General Mix,Features,https://chat.whatsapp.com/IZXzbFTfrWwInzSNtWohxx,Active
Shopping & Deals,Online Shop ğŸ›’,https://chat.whatsapp.com/IZTamQ9ywPs3MS6Lk9wBc7,Active
Education & Students,à®®à®°à¯à®¤à¯à®¤à¯à®µ à®¤à®•à®µà®²à¯à®•à®³à¯ 2,https://chat.whatsapp.com/Jvml1IFkL956buvzbYHh4w,Active
General Mix,Bathenda,https://chat.whatsapp.com/JUCCfo4y3Kt0IoDz1MTGLw,Active
General Mix,Features,https://chat.whatsapp.com/EvcLD5w3HPI3Z3RyjrFIj3,Active
General Mix,Features,https://chat.whatsapp.com/HJYaykJgyNOASabYLiK8Ia,Active
News & Politics,Up Newsroom Head,https://chat.whatsapp.com/DlvpIfeLeyBDNcv0uQhUTA,Active
Crypto & Money,ONLINE EARNING FREE,https://chat.whatsapp.com/I1WXpH4dMbfAWN3YKonVYk,Active
Tech AI & Coding,Vijay editing,https://chat.whatsapp.com/CjgE4DT8nMmHyy8ditq4vM,Active
General Mix,Features,https://chat.whatsapp.com/GxvFGWJFjY4GJa0dh5mhyf,Active
General Mix,Features,https://chat.whatsapp.com/EWGn0Cslz4uF8jhrnVwlXq,Active
General Mix,Features,https://chat.whatsapp.com/BRnnbDKxwwg2CvDaFqmmrI,Active
General Mix,Features,https://chat.whatsapp.com/JDdR4t1oUf54UglBiJMBCA,Active
General Mix,Features,https://chat.whatsapp.com/0wHF9mja9ycIBtzQDRpwdX,Active
General Mix,Features,https://chat.whatsapp.com/1Xy4evOuRQf2jIrsLicGnY,Active
General Mix,Features,https://chat.whatsapp.com/7wTu2wv0mzOHcSB05BB0gY,Active
General Mix,Features,https://chat.whatsapp.com/DgazMsOMt8e2K7qECE41Kn,Active
General Mix,Features,https://chat.whatsapp.com/CUx8lIBZqij2AOHHEZaoEj,Active
General Mix,Features,https://chat.whatsapp.com/8otjkqYXPraI9FUJxGde2w,Active
General Mix,Features,https://chat.whatsapp.com/ILE6MN0pXizH2DL8hWvmdC,Active
Movies & Web Series,14/12/2016 no code show,https://chat.whatsapp.com/HNGCnDnv4YI1wWLjIITNZu,Active
General Mix,Features,https://chat.whatsapp.com/LEPG3N7f2xDCl9HxVSHWRo,Active
General Mix,Features,https://chat.whatsapp.com/8IJKL9A7IuZ8pDPmItc6SY,Active
General Mix,Features,https://chat.whatsapp.com/DZY04JMWwbA2lWZitTZAQD,Active
General Mix,Features,https://chat.whatsapp.com/FOWpMApkwj2HrAY6cU5MWK,Active
General Mix,Features,https://chat.whatsapp.com/5uiYLyhJttR4WMRJEXABgk,Active
Crypto & Money,Earn money by Investement,https://chat.whatsapp.com/JWGi89Z1lEwHmrkteNokwk,Active
General Mix,Features,https://chat.whatsapp.com/I9gfkduySWu2JpOmVi9Qzh,Active
General Mix,Marral ğŸ´â€â˜ ï¸,https://chat.whatsapp.com/FAUDwxNY1C1EIzA44DgLMq,Active
Crypto & Money,Online erning 3âƒ£,https://chat.whatsapp.com/GYhw7NtKECOJklOGtXJR5X,Active
General Mix,Features,https://chat.whatsapp.com/9k8wIrtfjQHAnTqyEJaN3m,Active
General Mix,Features,https://chat.whatsapp.com/GFMp27Jke3j79GYPyBWBHE,Active
YouTubers & Influencers,Tiktok Youtube facebook instagram likes views followers available hai orignal ğŸ’¯ğŸ’¯âœ… and Subscribers av,https://chat.whatsapp.com/HyuwcIkk0an088PtaZgl4K,Active
General Mix,Features,https://chat.whatsapp.com/Ed6rUIWItCz4etqOStM3DZ,Active
General Mix,Features,https://chat.whatsapp.com/G5H4BFmZVdh3XjQUgNfuW0,Active
General Mix,Features,https://chat.whatsapp.com/6rwcLwWDC8O3JRrbCDPrWn,Active
General Mix,Features,https://chat.whatsapp.com/JaSbed612iU0aEX9RZvP8A,Active
General Mix,Features,https://chat.whatsapp.com/BRbclhdey0HEBJWiDMsqys,Active
General Mix,Features,https://chat.whatsapp.com/GsBIN2GiN3s6IGxp0BDI1E,Active
General Mix,kerala vedi,https://chat.whatsapp.com/F9EaZHLUsWV1cJQ55PGHVi,Active
Tech AI & Coding,Online cyber service ğŸ’»,https://chat.whatsapp.com/CE7lcgZv8eYFBPY3ew5Y9W,Active
General Mix,Features,https://chat.whatsapp.com/Ju6mZuv4DrECGDjiN6tk2V,Active
Education & Students,Maths & U Home Tutoring Bengaluru,https://chat.whatsapp.com/Iie9UEN8ADU6xsJmmf5JsI,Active
Jobs & Careers,Work,https://chat.whatsapp.com/G9c00e2SLoXLjHimMEZhxx,Active
Funny & Memes,Indian viral video,https://chat.whatsapp.com/DQeDtgBv9VSAF8l0zOkXt4,Active
YouTubers & Influencers,YouTube Sub4Sub,https://chat.whatsapp.com/H66KxXM1UcHF0nvkxqEFoO,Active
Crypto & Money,Earn money,https://chat.whatsapp.com/E6b3LhwHJywJMTv191AnIO,Active
Tech AI & Coding,Cyber Security & Finance,https://chat.whatsapp.com/KWuxL99dlhN0wTmNHMB9qW,Active
Girls & Friendship,college call girl,https://chat.whatsapp.com/FJzOHFdZrbWGFROB0btvFf,Active
Gaming & Esports,MC Bedrock Community,https://chat.whatsapp.com/CllUb0NBp4IB4HXtOjJJBE,Active
Jobs & Careers,à¤¸à¤°à¤•à¤¾à¤°à¥€ à¤¨à¥Œà¤•à¤°à¥€ [6],https://chat.whatsapp.com/Ird9cqpFNgyGfUbg7d4q2y,Active
Girls & Friendship,Friends Across Borders ğŸ˜˜ğŸ¥°,https://chat.whatsapp.com/HFjZS69nmhoAOSPmme5shu,Active
Crypto & Money,STOCK MARKET INTERDAY TRADING ğŸ“ˆ ğŸ“ˆ ğŸ’¸ğŸ’¸,https://chat.whatsapp.com/CcXwrL9noXS932aexxcQL8,Active
Gaming & Esports,FF ID SELLER FULL GARNTI,https://chat.whatsapp.com/KB38mqsVyrjKkBozhsUUtd,Active
General Mix,Features,https://chat.whatsapp.com/Btgr4T5HUQLCZyLAGTuMNL,Active
Cricket & Sports,ğ‚ğ«ğ¢ğœğ¤ğğ­ ğ‰ğ§ğ¨ğ¨ğ§,https://chat.whatsapp.com/Kf0DXLmcYSdGy5T3s9DoRS,Active
Crypto & Money,Airdrops of testnet and depin& crypto,https://chat.whatsapp.com/LksIsd6qBfNIcJassi1wTV,Active
Gaming & Esports,Malik PUBG STOREğŸ–¤,https://chat.whatsapp.com/FyC0k3JeJSX7RPLK6TKU0B,Active
Jobs & Careers,Myjobs.pk,https://chat.whatsapp.com/FqfWY6Xekw46vwA5hmRx8a,Active
General Mix,Features,https://chat.whatsapp.com/IeHraWxjhmfLDPQljkN6fw,Active
Girls & Friendship,ğŸ¥°ONLINE COMPANIONğŸ˜˜,https://chat.whatsapp.com/GqzcbJpsxkm0tLhaUanC2N,Active
General Mix,Features,https://chat.whatsapp.com/JXmuX0NHD32Bg1QsFzIwEf,Active
Shayari & Love,Novel & Poetry Aesthetic Vibes,https://chat.whatsapp.com/LvTUZ2UulbQIoclqkNZNyF,Active
General Mix,Features,https://chat.whatsapp.com/BjCzZ40nVqiBVvSElLfAFH,Active
General Mix,Features,https://chat.whatsapp.com/BXlpYxVevfn3qwU2IK5p0q,Active
Gaming & Esports,FREE FIRE ACCOUNT SELL AND BUY,https://chat.whatsapp.com/KbpWbPxbTuJ7rCq5J2x9Gn,Active
Education & Students,Education Books INDIA,https://chat.whatsapp.com/GqJYYJ2UorhCdmjIK5eT9C,Active
Gaming & Esports,RDX BATTEL FREE FIRE,https://chat.whatsapp.com/BtsMZZGYVq2IWobSOLAlWk,Active
General Mix,Features,https://chat.whatsapp.com/JHXCVVR1P82HPaQeSvAZTx,Active
Education & Students,"ğŸ“šThe Academics ğŸ“ Warrior's 
ğŸ–‹ï¸ğŸ““ğŸ–Šï¸",https://chat.whatsapp.com/FCcLGrfIKVhCV2pTO1wGjm,Active
General Mix,Features,https://chat.whatsapp.com/LLw1UiOc9ExIlfTgcw5Bsi,Active
Education & Students,UPSC Preparation Group 14,https://chat.whatsapp.com/Ag9pnWshI8w8tEjjWCLFHU,Active
Tech AI & Coding,Social Data Services Full Active All Time,https://chat.whatsapp.com/DosNljBMxp0G9M3cBjr76z,Active
Crypto & Money,TradeMatrix Signals,https://chat.whatsapp.com/KajJZn3iU32CO8l3ukVJaO,Active
General Mix,Features,https://chat.whatsapp.com/DnSHTISAOF4519301Ys7VP,Active
Crypto & Money,FOREX INVESTMENT PLATFORM,https://chat.whatsapp.com/KLkJVAYsKyD5SmVkqGzFVZ,Active
Shayari & Love,ğŸ¥€ÛØ¯Ø§Ø³Ù€Ù€Ù€Ù€Ù€Ù€ØªØ§Ù† ØÙÙ€Ø´Ù’Ù€Ù€Ù‚Ûâ¤ï¸*,https://chat.whatsapp.com/J5xiB6NFbjQ8ZxwRtknikv,Active
General Mix,Features,https://chat.whatsapp.com/BuE4ov4Bes48ZShV9fbKLw,Active
Shopping & Deals,MJ.Collection,https://chat.whatsapp.com/EGrKPqwoU8zJkQKP1euSpT,Active
Crypto & Money,Share Market / CRYPTO ( AKASH TRADER),https://chat.whatsapp.com/KDiLP3qdp5B526nCWLG4qB,Active
General Mix,Features,https://chat.whatsapp.com/K58wTmRecEn24JgUt3uzzl,Active
General Mix,Features,https://chat.whatsapp.com/Ga9ZrIej5uS7HRSHksl7Je,Active
Jobs & Careers,govtjobonline.in KPSC 11,https://chat.whatsapp.com/C24K4FEaktHA7JFB8BTxIi,Active
News & Politics,FREE VERIFIED UPDATES ğŸ’µâœ…,https://chat.whatsapp.com/H6dQkEELW4n1xKVyQOuFhw,Active
Business & Startups,Globe InfoTree Consultancy,https://chat.whatsapp.com/IeQ3xbwjamXD13BBDEkevo,Active
General Mix,Features,https://chat.whatsapp.com/KGfHYEvTuVGGCvoMl1IZpj,Active
Education & Students,UPSC ASPIRANTS ğŸ¯/DAILY CURRENT AFFAIR Â ğŸ¯,https://chat.whatsapp.com/GGwXvtwbudb2EfVXnpQQD1,Active
Education & Students,ğŸ…¤ğŸ…ŸğŸ…¢ğŸ…’ à¤à¤• à¤²à¤•à¥à¤·à¥à¤¯ğŸ‘®ğŸ»â€â™‚ï¸ğŸš”,https://chat.whatsapp.com/0VKgZPUTXUd5IqolQB5YJV,Active
General Mix,Features,https://chat.whatsapp.com/EtLsWJIm2CFF1NlRIjRkes,Active
Shopping & Deals,Online Queen Shopping ğŸ›ï¸,https://chat.whatsapp.com/J70sAIS6u8QKLL0ZUhjVjS,Active
Tech AI & Coding,Hacking tricks and hacking files,https://chat.whatsapp.com/DLcB3cW3jMyBVoCWSOQLFr,Active
General Mix,Features,https://chat.whatsapp.com/15aW1tbNtv74FGKNQ15zB3,Active
General Mix,Features,https://chat.whatsapp.com/2fzc2bYJ37j3Ip3zzdpftH,Active
General Mix,Features,https://chat.whatsapp.com/C7Tu8I8n1mtKAJUcLcCKCU,Active
General Mix,Features,https://chat.whatsapp.com/FYNhrNipqLv089NIkV1OUT,Active
General Mix,Features,https://chat.whatsapp.com/D8yCG0vGwK19r9EOWfSroD,Active
General Mix,Features,https://chat.whatsapp.com/CVqaPBooWZqEVhSA95Z77z,Active
Crypto & Money,ğŸ’°ğŸ§‘à¶´à·œà¶©à·Š à¶´à·œà¶©à·’ à·€à·à¶©âœŒï¸ğŸŒ,https://chat.whatsapp.com/Efyff2uFK647Igk2qPux9c,Active
General Mix,Features,https://chat.whatsapp.com/KlorD3ZXsEEIYLdQvzEd0n,Active
YouTubers & Influencers,Youtube Content Creator Group/Give-Away,https://chat.whatsapp.com/CpqOwyvvyDa0uBZ7ZxLe6L,Active
General Mix,Features,https://chat.whatsapp.com/Jd998F0RwSg5mKYr5LVqtK,Active
Shayari & Love,ï¸»â•¦ÌµÌµÍ‡Ì¿Ì¿Ì¿Ì¿â•¤â”€ğŸ†„ğŸ…³ğŸ…°ğŸ†‚ï¸»â•¦ÌµÌµÍ‡Ì¿Ì¿Ì¿Ì¿â•¤â”€ ğŸ…¸ğŸ†‚ğŸ…·ğŸ†€ âœ¨ğŸš¬ä¹‚â¤â—¥ê§,https://chat.whatsapp.com/IJ0vSCVjsyxHV7g9MCeWxg,Active
Crypto & Money,Earning with Email OutreachğŸ’µ,https://chat.whatsapp.com/JjvNeXScNY1E00SpskrTPK,Active