group_name,whatsapp_link,date_added,status
Job's available,https://chat.whatsapp.com/Ed08EKIGhmU0yUovJgt1In,2026-01-19,Active
King ğŸ‘‘ğŸ‘‘ğŸ‘‘ğŸ‘‘ğŸ‘‘ğŸ‘‘ğŸ‘‘,https://chat.whatsapp.com/IJ25PPU5QBK5cgmbIbtKiF,2026-01-19,Active
7/11 Kurti House RESELER ONLY,https://chat.whatsapp.com/H9n4wiuHEZ54cgjf2PmBk3,2026-01-19,Active
Universal Crypto Pump Signals,https://chat.whatsapp.com/FdtBQeS7vozHGXDYcHnvNl,2026-01-19,Active
BINANCE INVESTMENT MILLIONAIRE EARNERS PLATFORMğŸ“Š,https://chat.whatsapp.com/Gfda1fzQ3dI7sR6rWuge3y,2026-01-19,Active
CRYPTO TRADING COURSE FREE,https://chat.whatsapp.com/F6LS3jembIfFuZvnHvs1q9,2026-01-19,Active
Features,https://chat.whatsapp.com/DozshVBiynCGgHHG7W56hM,2026-01-19,Active
ğŸ’¯ğ•ğˆğ ğ’ğˆğğ†ğ‹ğ„ ğŒğ€ğ’ğ“ğ„ğ‘âœ”ï¸,https://chat.whatsapp.com/Cpl98JeM2en7IprLPGjqT8,2026-01-19,Active
Super AmaFlix Demo Group,https://chat.whatsapp.com/K0JSxZIsfTP4yu7EmPUVxy,2026-01-19,Active
Features,https://chat.whatsapp.com/BCU7qk7EEhCK7Ln0ibRvGP,2026-01-19,Active
ğŸ”¥Ê™á´€á´„á´‹ á´œá´˜ É¢Ê€á´á´œá´˜ Éªá´‹ 804ğŸ‡§ğŸ‡«ğŸ”¥G2,https://chat.whatsapp.com/JNZXJD7zGyv3Q4QXsXVs5N,2026-01-19,Active
Crypto Free Airdrop King,https://chat.whatsapp.com/If2kEomhyAxKKXAhXHLmVs,2026-01-19,Active
Kerala Classified Hub 07,https://chat.whatsapp.com/DItkclPg30087V1WssfKAn,2026-01-19,Active
Features,https://chat.whatsapp.com/GcSCbnHXbXCGRbJErlludS,2026-01-19,Active
"Jobs, Ads and Updates Tamil",https://chat.whatsapp.com/HyxyTA1fbbWBm9VUPyiYdP,2026-01-19,Active
ğŸ”¥MAFIA GAMING STOREğŸ”¥,https://chat.whatsapp.com/LeFWXvr1jhkGKTMOnt9SWE,2026-01-19,Active
NCR G. SERVICE  CLUB ğŸ«¤,https://chat.whatsapp.com/JTrNXCk27FCLrCCVR2MKRg,2026-01-19,Active
ğ™‚ğ˜¼ğ˜¿ğ™‚ğ™€ğ™ğ™ ğ™ğ™‹ğ™ƒğ™€ğ™ğ™€ ğŸ›’ğŸ›ï¸,https://chat.whatsapp.com/EU7VjrAsFKR7N6w4FnXJJw,2026-01-19,Active
Ò“Ê€á´‡á´‡ á´„Ê€Êá´˜á´›á´ á´€ÉªÊ€á´…Ê€á´á´˜ ğŸ˜‰,https://chat.whatsapp.com/GeOqSekEiIN19iTpKxYwpu,2026-01-19,Active
Story teller's Haven,https://chat.whatsapp.com/HlRPuSA30sIGeRCeSflKti,2026-01-19,Active
Features,https://chat.whatsapp.com/F7aKGoGdNPP2GHPnAt1ykS,2026-01-19,Active
Movie ğŸ¿ group,https://chat.whatsapp.com/DDgcZTYud72FMahhDy2Z68,2026-01-19,Active
LOGOOART DRAWING TIPSâœï¸,https://chat.whatsapp.com/CeagTN8ksjI5hyqW0N3vcc,2026-01-19,Active
INSTAGRAM FOLLOWERS ğŸ‡®ğŸ‡³ğŸ“ˆğŸ“Œ,https://chat.whatsapp.com/Hq7tyRcranZLfTdHeFZxMu,2026-01-19,Active
ğƒğšğ§ğ¢ğ¬ğ¡ ğ“ğ«ğ®ğ¬ğ­ğğ ğ†ğ¦ğšğ¢ğ¥ ğğ®ğ²ğğ«11,https://chat.whatsapp.com/DFBa8VURPVM6jBzgKUF8wZ,2026-01-19,Active
Crypto Currency business 786,https://chat.whatsapp.com/ENNsbPFeioO2h7b3jEoMdb,2026-01-19,Active
TWO FACE  FF STOREğŸ’«,https://chat.whatsapp.com/LwqoteMctcZEr4L2VimyLy,2026-01-19,Active
Servent Of Allah ğŸ¤,https://chat.whatsapp.com/J2mjdml0SrVCem32w9vJmW,2026-01-19,Active
Features,https://chat.whatsapp.com/EN3tminV8lo8mM6G9ak3xQ,2026-01-19,Active
Features,https://chat.whatsapp.com/DZyQ1RLbeTHKVdvyJpdbFk,2026-01-19,Active
4ï¸âƒ£Ä±lÄ±lÄ±lâ™¡HackingğŸ˜ˆZoneâ™¡Ä±lÄ±lÄ±l,https://chat.whatsapp.com/KqsVfCOThov23b8i4ptMsa,2026-01-19,Active
We Need A Break ğŸï¸,https://chat.whatsapp.com/Kxq7yOtJl631muIDQWGjdr,2026-01-19,Active
Baidesik Rojgari ğŸš€ğŸš€ğŸš€,https://chat.whatsapp.com/FcJr0Xp7c3sHJyV6kRB6N5,2026-01-19,Active
Unique Khushbu Mahal,https://chat.whatsapp.com/KPAQMbanUex5upqmpcP01p,2026-01-19,Active
SHAN TRAVELS PVT LTD / 5,https://chat.whatsapp.com/EXkZ0R2chIx1lnvusa9Jja,2026-01-19,Active
ğŸ’«ğŸŒ´Ø§Ø³Ù„Ø§Ù… Ø§ÙˆØ± Ù‚Ù„Ø¨ğŸŒ´ğŸ’«,https://chat.whatsapp.com/I6J8ojyESD3Cdwhv9qJyRL,2026-01-19,Active
Earn money online,https://chat.whatsapp.com/FAXLvUALBvu0zvMjVy3Hmg,2026-01-19,Active
AA-PRESENTS,https://chat.whatsapp.com/LLEyFAwijkS1IFwROdATf0,2026-01-19,Active
Features,https://chat.whatsapp.com/J5GtjR1yPYR5z4yzKTenCW,2026-01-19,Active
Features,https://chat.whatsapp.com/EBGwT37TYtC7V8WeykLxwA,2026-01-19,Active
Share Market and Crypto trendingğŸ“ˆğŸ“ˆ,https://chat.whatsapp.com/BCs0gvYECoH3mxpafaVJfx,2026-01-19,Active
Movies by battan,https://chat.whatsapp.com/LB2YkwDFdpxHeuK5EE7wpy,2026-01-19,Active
ğŸ’“à¤¶à¤¾à¤¯à¤°à¥€ à¤¦à¤¿à¤² ğŸ’“ à¤¸à¥‡ âœğŸ»,https://chat.whatsapp.com/L6rN8sN15lC3Q5zKHXs4lg,2026-01-19,Active
The lallantop,https://chat.whatsapp.com/CCZIerHEt9DBLTLuRl7Dy5,2026-01-19,Active
Index Nifty Banknifty,https://chat.whatsapp.com/D4xC7ut2ukQGfUYgihRdME,2026-01-19,Active
04 ğŸ†‚ğŸ…°ğŸ…½ğŸ…°ğŸ…½ ğŸ…¼ğŸ…´ğŸ…¶ğŸ…° ğŸ…²ğŸ…¾ğŸ…»ğŸ…»ğŸ…´ğŸ…²ğŸ†ƒğŸ…¸ğŸ…¾,https://chat.whatsapp.com/KpKGtOk9HOb6WFOzANuvx1,2026-01-19,Active
YT Support New,https://chat.whatsapp.com/FvuiYhAcyfr47qZVCrY9fo,2026-01-19,Active
Chat 'n chillğŸ¥°ğŸ˜…,https://chat.whatsapp.com/DeMV56Zd69B8zz5cKZyx3d,2026-01-19,Active
New movies,https://chat.whatsapp.com/Fgx62NfMT7xGNHFVlIzAZ8,2026-01-19,Active
Forex Trading Signals & Market Analysis,https://chat.whatsapp.com/CUXPHtRLGEnA9rnij54Meb,2026-01-19,Active
Trade Master ğŸ’¯,https://chat.whatsapp.com/JATKp4wQaW0HrCkJqK2tu2,2026-01-19,Active
Internship & job opportunities ğŸ’¼ğŸ“,https://chat.whatsapp.com/HXn1A6jLsL3KiOTpAIeRhl,2026-01-19,Active
ğ™‚ğ™¤ğ™¡ğ™™ ğ™ğ™£ğ™ğ™¥ğ™šğ™§ğ™¨_ğŸ¹ğŸ¼ğŸ¿ ğŸ¥·ğŸ¼,https://chat.whatsapp.com/DF3fzBt3MXM4BBdVGHhZo8,2026-01-19,Active
OPTIONS EXPERT ğŸ“ˆ,https://chat.whatsapp.com/Ciy223029Ka19Na4Md8bcC,2026-01-19,Active
Features,https://chat.whatsapp.com/ETI2RhhSzPyKCQjDcBo0Ah,2026-01-19,Active
UniQue Bull ğŸ“Š Official Community.,https://chat.whatsapp.com/BxeOCWzrPP6AG32ZOutWWw,2026-01-19,Active
All pakistan upvc & aluminium fabrication,https://chat.whatsapp.com/LwpbM7qiB7e9qJM3g5DvUl,2026-01-19,Active
â•ğŸ‡®Ê‚ğ’Î±É±Î¹ÆˆğŸ‡°É³ÏƒÉ¯ğ’Ò½ÔƒÉ Ò½ É É¾ÏƒÏ…Ïâ•ğŸ¥°,https://chat.whatsapp.com/LrBRtyqV5sXI9wjAnajrch,2026-01-19,Active
Online shopping ğŸ›ï¸,https://chat.whatsapp.com/Ez695g7uJ5OBO4NUbiyHgu,2026-01-19,Active
ğŸ“ŒğŸ’DIAMOND LEGIT AND VERIFIED UPDATES ğŸ”—ğŸ’¸ğŸ’¶ğŸ’°ğŸ“²ğŸ“ˆÂ©ï¸ğŸ‡³ğŸ‡¬,https://chat.whatsapp.com/HF1bZ0rbOELCNNzsis6LMT,2026-01-19,Active
Online Earning For GirlsğŸ“±pkn,https://chat.whatsapp.com/BRwxZOzzFNLEvDNuBlECic,2026-01-19,Active
Karnataka govt jobs,https://chat.whatsapp.com/INkGWJ94wfYEWBVhzkiTxk,2026-01-19,Active
Dazzlite Blogging Community,https://chat.whatsapp.com/CtaueLOCCre1n2ICucg1yr,2026-01-19,Active
Features,https://chat.whatsapp.com/CMHxqRwYccK9NDTVgxCw2e,2026-01-19,Active
Balu Tola Islamic Council,https://chat.whatsapp.com/FpIZIwU6hOpFWnLcgqngal,2026-01-19,Active
ATH NEWS 11 & à¤ªà¤¤à¥à¤°à¤¿à¤•à¤¾,https://chat.whatsapp.com/KTy1hu0WdGyHKiAxiQv9TP,2026-01-19,Active
_Madii warrior_ğŸº,https://chat.whatsapp.com/HrMICyOP6G82Yt0tHjUQcb,2026-01-19,Active
Refer,https://chat.whatsapp.com/EmxOrx7i56g8EmBbKMtabK,2026-01-19,Active
Jai shree shyam baba group ğŸ›ï¸ğŸ›ï¸,https://chat.whatsapp.com/LyByPzI0Nw6ATWvwJEfNOe,2026-01-19,Active
Current affairs (daily news),https://chat.whatsapp.com/LuRMspgoqIvCK7x7SGMb6d,2026-01-19,Active
ğ—œğ—¡ğ—¦ğ—§ğ—”ğ—šğ—¥ğ—”ğ—  âœ… ğ—™ğ—¢ğ—Ÿğ—Ÿğ—¢ğ—ªğ—˜ğ—¥ğ—¦ ğ—œğ—¡ğ—–ğ—¥ğ—˜ğ—”ğ—¦ğ—˜ ğŸ‘ˆğŸ“ˆ,https://chat.whatsapp.com/C1PJBsqSRN2F8emyGNOeQD,2026-01-19,Active
ğŸ’…Skin & Hair Experts Communityâ˜˜ï¸âœ¨ğŸ’„,https://chat.whatsapp.com/GeTnpuk92Us7z8pG8uZFXf,2026-01-19,Active
FOREX VIP SIGNAL ğŸš¦,https://chat.whatsapp.com/Hv98OKGGKUOJRp4HSWELPF,2026-01-19,Active
Youtube Seller Wale Bhai Ka Group,https://chat.whatsapp.com/GndL05jwBbjKa6HCsBgnxm,2026-01-19,Active
Instagram,https://chat.whatsapp.com/CmZseSZ42yj6BriVA2aEJe,2026-01-19,Active
Features,https://chat.whatsapp.com/J7kteZcRXtE8P99x1HkwuK,2026-01-19,Active
Tiktok Likes And Followers Hasil Karo,https://chat.whatsapp.com/LK6pgLF2Lap9TufbFHgDWI,2026-01-19,Active
Sunhr job group 1,https://chat.whatsapp.com/HG257eP9eWj1UpMyeo1NgG,2026-01-19,Active
Er.Trader's,https://chat.whatsapp.com/HhXqyfjL0Bo0EVLZLIrocN,2026-01-19,Active
STOCK MARKET INTERDAY TRADING ğŸ“ˆ ğŸ“ˆ ğŸ’¸ğŸ’¸,https://chat.whatsapp.com/CcXwrL9noXS932aexxcQL8,2026-01-19,Active
Features,https://chat.whatsapp.com/Eo0BCF9gaG80NbwEnyqWNC,2026-01-19,Active
Round in Oman travel & car rental,https://chat.whatsapp.com/FcAGepk6noQ8dqpSeM58Bq,2026-01-19,Active
TRADING ZALPAKEZâœ”ï¸,https://chat.whatsapp.com/LeWUUH1zYwX7QbAT9xdpcu,2026-01-19,Active
Features,https://chat.whatsapp.com/Htjnmg2s2DZ1DWqcuXt7M5,2026-01-19,Active
ØªÙ€Ù€Ø¬Ù€Ù€Ú¾Ù€Ù€Û’Ø¹Ù€Ø´Ù€Ù€Ù‚ ÛÙ€Ù€ÙˆØ®Ù€Ù€Ø¯Ø§ Ú©Ù€Ù€Ø±Û’Ù”,https://chat.whatsapp.com/FKHwfnuzOhsBJhzcT57LgY,2026-01-19,Active
BEAST STORE,https://chat.whatsapp.com/CgA9oAxzJWYJg39539SSuO,2026-01-19,Active
Features,https://chat.whatsapp.com/FJ9xZmTjt8L99IadNoWR9s,2026-01-19,Active
International friendship ğŸ«‚ğŸ¥°,https://chat.whatsapp.com/HLMv0Z9d29j1aWeh1gW8dV,2026-01-19,Active
Features,https://chat.whatsapp.com/KPhkwqPnS6mHLbWKh8ogdL,2026-01-19,Active
Trading ğŸ’¸,https://chat.whatsapp.com/CRZBzb1yyFtDUTd87FbBa6,2026-01-19,Active
FREE FIRE TOURNAMENT ğŸ’¥,https://chat.whatsapp.com/J9nhWu80tMhHdDamrqSndu,2026-01-19,Active
ğŸ†ğ”¼ğ• ğ•œğ•’ğ•™ğ•ğ•šğ•• ğ•§ğ•šğ•¡ ğ•˜ğ•£ğ• ğ•¦ğ•¡ğŸ†,https://chat.whatsapp.com/Kxw5kXsNl6xD2QeP65OXMf,2026-01-19,Active
Features,https://chat.whatsapp.com/LMfwmScwVquC1JEZkLy2me,2026-01-19,Active
Rafa international pvt Ltd new delhi,https://chat.whatsapp.com/JPgc45ga4qNHq7zVCgydzi,2026-01-19,Active
Jobs In Goa,https://chat.whatsapp.com/KC65KuCi4P3508XCiG44O0,2026-01-19,Active
MM RESELLING HUB ( SMM )ğŸ‘‘ğŸ¤,https://chat.whatsapp.com/DJd3cUPnPuyL6i6nxoixCM,2026-01-19,Active
Features,https://chat.whatsapp.com/HKpI1byb3d6EA1oEQNcf4d,2026-01-19,Active
Social powerğŸ’ª,https://chat.whatsapp.com/EhehFLLaFZtIhmwj8fWtkD,2026-01-19,Active
Free Monitization (sub4sub)(watchforwatch),https://chat.whatsapp.com/H05n86ZWzO1C62QyGQA6Hy,2026-01-19,Active
Sarkari Vacancy0ï¸âƒ£9ï¸âƒ£,https://chat.whatsapp.com/CCNqZb49h2HJGcpxr1kEtF,2026-01-19,Active
ILLUMINATI brotherhood,https://chat.whatsapp.com/I6AcjIljf3e8eZP17TQAOA,2026-01-19,Active
ğŸ¹Kvm Kannada TechğŸ¹,https://chat.whatsapp.com/Fkg3dM3uR3wI7pVoSyniJG,2026-01-19,Active
Earn daily,https://chat.whatsapp.com/Ec6jXxb4OpVDyVY7ommOXY,2026-01-19,Active
à¤®à¤¿à¤¤à¥à¤° à¤ªà¤°à¤¿à¤µà¤¾à¤° ğŸ¥°,https://chat.whatsapp.com/LRjOLOnaX4x33uzVvxFUVI,2026-01-19,Active
Features,https://chat.whatsapp.com/CMIlmPJ6ZdSEpNhMlKpMl7,2026-01-19,Active
INTERDAY TRADING(stock market),https://chat.whatsapp.com/K6CAuPok7779bbsVPuy6J8,2026-01-19,Active
MAHAM PUBG STORE,https://chat.whatsapp.com/JimJHrN7S0K4pVctzpCr7O,2026-01-19,Active
Features,https://chat.whatsapp.com/JSNJcUlmUVmFYUdNlVtbTO,2026-01-19,Active
ğŸ’± ğŸ¥³CRYPTO FREE AIRDROPğŸ’µğŸ¥³,https://chat.whatsapp.com/IM6Nov5N9nvBgXkK7TBLFn,2026-01-19,Active
Only Karachi ğŸš˜car sale purchase,https://chat.whatsapp.com/EnP3c0DmTr4CvV93aP1Hhx,2026-01-19,Active
JJ Collection âœ¨,https://chat.whatsapp.com/HrJGqRYNBE9D2yrlrz8Fsb,2026-01-19,Active
ğ”½ğ• ğ”¾â„ğ”¼ğ”¼â„• â„™ğ•€â„™ğ•Š ğŸ’¯âœˆï¸,https://chat.whatsapp.com/DXtNKYnf0bB1bw4hYXW3bY,2026-01-19,Active
ğ™‰ğ™Šâ„™ğ•„ğ•† ğ†ğ‹ğğğ€ğ‹ ğŸŒ,https://chat.whatsapp.com/BypHwQR2Y1W0LNT1PIXIcT,2026-01-19,Active
Free Airdrop,https://chat.whatsapp.com/IfAoDYiHtzKL7rNOkfjrYI,2026-01-19,Active
ğ†ğğ‹ğƒ ğğ‘ğ ğ“ğ‘ğ€ğƒğ„ğ‘ ğ…ğ¨ğ«ğğ± & ğ†ğ¨ğ¥ğ ğ’ğ¢ğ ğ§ğšğ¥ğ¬,https://chat.whatsapp.com/JqqWWqRNadP35yRz7rVsBx,2026-01-19,Active
Free access to the internet,https://chat.whatsapp.com/IwA4bUSAbZuKm4Qa6rhdiF,2026-01-19,Active
MonalAdventure.Com,https://chat.whatsapp.com/JxwXFWJ9VN5ITkNYefMz00,2026-01-19,Active
ğ™ğ™ƒğ™€ ğ™ğ™ğ™Šğ˜¾ğ™†ğ™ ğ˜½ğ™ğ™‡ğ™‡ â­â­,https://chat.whatsapp.com/DqlBxYFRPU376isW47mDLF,2026-01-19,Active
Ganu group,https://chat.whatsapp.com/FAyN1cvldjD3qw12iQBpEk,2026-01-19,Active
CS GAMiNG STORE ğŸ’¸,https://chat.whatsapp.com/B4icIy86tQp1OaCCGdjrwz,2026-01-19,Active
Job Search 1ï¸âƒ£,https://chat.whatsapp.com/ERt54c4wBTJ8AAM2MxsmPB,2026-01-19,Active
Dev's Collaboration Group,https://chat.whatsapp.com/DTjXM5QbLS64MTGS2heRSo,2026-01-19,Active
à¤°à¤¾à¤¯à¤ªà¥à¤° à¤–à¤¬à¤°,https://chat.whatsapp.com/CP1DxkRjIwcHUDbqDpBAsS,2026-01-19,Active
ğŸ’°FOREX GOLD TRADINGğŸª™,https://chat.whatsapp.com/LFz6lsOez0C2lNEIM4aYvV,2026-01-19,Active
Job Vacancy's Group Banglore,https://chat.whatsapp.com/CbbhUewooV7EuJs4jEdleA,2026-01-19,Active
Features,https://chat.whatsapp.com/EKRjeFZIDssEGZRBi2Vq3c,2026-01-19,Active
KRISHNANAGARğŸ˜ƒ West Bengal news ğŸ˜„. DON'T CLICK ANY ONE LINK  fraud responsibility your,https://chat.whatsapp.com/G7TGSg93zpODF0pIdlKBtd,2026-01-19,Active
Friends Across Borders ğŸ˜˜ğŸ¥°,https://chat.whatsapp.com/HFjZS69nmhoAOSPmme5shu,2026-01-19,Active
ğŸ¤,https://chat.whatsapp.com/LWhFXuQsvK4JR0AcrnmB3s,2026-01-19,Active
ãƒŸâ˜… ğ˜›ğ˜¢ğ˜®ğ˜ªğ˜­ ğ˜®ğ˜°ğ˜·ğ˜ªğ˜¦ğ˜´ ğ˜¥ğ˜°ğ˜¸ğ˜¯ğ˜­ğ˜°ğ˜¢ğ˜¥ â˜…å½¡,https://chat.whatsapp.com/HfiGUQ5HhmLJxmNCM07xs5,2026-01-19,Active
Work from home 108,https://chat.whatsapp.com/LnQ7igpg58p0Tsr7DWs04v,2026-01-19,Active
Features,https://chat.whatsapp.com/IR1ryZaWTEr2JyNuR2Zgx2,2026-01-19,Active
Features,https://chat.whatsapp.com/GxTkm45ctiQ3LqGaSb39Ic,2026-01-19,Active
TGF GAMER,https://chat.whatsapp.com/FpQ3r0hEfCy7HsavLGqSyJ,2026-01-19,Active
Business Growth,https://chat.whatsapp.com/0cVcG2LeTcHF2yiMezvfP8,2026-01-19,Active
ğ„Ÿâ‰›âƒ  á¶¥â³Í¢â¤ï¸â™¡ğŸ…¸ğš‚ğ™»ğ™°ğ™¼ğ™¸ğ™²â™¡ğŸ…¶ğšğ™¾ğš„ğ™¿â™¡à¹›âƒ á­„ Ì½â¤ï¸,https://chat.whatsapp.com/JHrgWktwI1y3BtAeZwvu2M,2026-01-19,Active
Timebucks Tips and tricks,https://chat.whatsapp.com/DJvpawdkBYIATKvPPUMpCT,2026-01-19,Active
ğŸ€ğŸ€âš½ï¸ğŸ’€ğŸŠ,https://chat.whatsapp.com/JjSsHwGH8keBlEYeDeyYpG,2026-01-19,Active
RAMA@13 INTERNATIONAL,https://chat.whatsapp.com/D8iFcQlA37g4YWXQXmNXO6,2026-01-19,Active
à´œàµ‹à´²à´¿ à´µàµ‡à´£àµ‹??? 5ï¸âƒ£6ï¸âƒ£ ( ğ“£ğ“Ÿ ğ“°ğ“»ğ“¸ğ“¾ğ“¹ ) 5ï¸âƒ£6ï¸âƒ£,https://chat.whatsapp.com/Ehu2k6igneL1QfUoIUdTMT,2026-01-19,Active
âœŒï¸âœŒï¸FOREX GOLD MASTERğŸ’¯ğŸ’¯,https://chat.whatsapp.com/Eh0JbOH7OHNLaM1vJyBMlK,2026-01-19,Active
Traders Terminal - Group,https://chat.whatsapp.com/HSdak88tiAp5KBbCbdPQUz,2026-01-19,Active
Sasta Mart Official,https://chat.whatsapp.com/FOWJvevWY05D1lnvafFpPv,2026-01-19,Active
Clothes Group,https://chat.whatsapp.com/JltcUOlFWaLKsDUtJwFJHi,2026-01-19,Active
All Karachi properties Sale/Purchase/Rent,https://chat.whatsapp.com/JrENnFFcV5u3NhmnB3QnP2,2026-01-19,Active
INTERNATIONAL FRIENDSHIP ğŸ‡¹ğŸ‡¿ğŸ‡°ğŸ‡ªğŸ‡ºğŸ‡¬ğŸ‡¿ğŸ‡¦ğŸ‡°ğŸ‡·ğŸ‡ºğŸ‡¸ğŸ‡¬ğŸ‡§ğŸ‡®ğŸ‡³ğŸ‡®ğŸ‡¨ğŸ‡¨ğŸ‡¦,https://chat.whatsapp.com/GWJlAkbhXsV0BbEhevsrB4,2026-01-19,Active
ğŸ’”ğŸ’”Udass zindgi ğŸ¥€ğŸ’”ğŸ˜”,https://chat.whatsapp.com/Kq6OfmIGq4YAiO2WU08IUs,2026-01-19,Active
YouTube and Android apps tips and tricks,https://chat.whatsapp.com/GOGWRdOQ6Y0LukQVaYGPJl,2026-01-19,Active
Features,https://chat.whatsapp.com/EbHSQuEDQcQ250RsoeKynz,2026-01-19,Active
Fashionable Style Patil ğŸ›’,https://chat.whatsapp.com/FCjJKUSteTx7I3NnhQVGP7,2026-01-19,Active
ğŸ§¿Indian& West Resell grp,https://chat.whatsapp.com/BnV5rMtU30YEItLlK6eUnT,2026-01-19,Active
Stock market Information,https://chat.whatsapp.com/EmEeujmHcmMEawYXlapsHp,2026-01-19,Active
âœ… Bgmi id sell low price  ğŸ‰,https://chat.whatsapp.com/Iuqa2FNfUyZFISFvJrcjSd,2026-01-19,Active
*âªsocial media ğ—¦ğ—²ğ—¿ğ˜ƒğ—¶ğ—°ğ—²ğ˜€ â¾â†§â†§â†§* âœ…ğŸ”¥,https://chat.whatsapp.com/FGsQpTlweKV5r6exk4JOjI,2026-01-19,Active
Xanderblog Group 2,https://chat.whatsapp.com/LjSd5IaXMek9dt8lokKUgW,2026-01-19,Active
All Pakistan Aseel Sale&Purchase,https://chat.whatsapp.com/FmtnkVbeq3f1hbdkv9Jm1g,2026-01-19,Active
Features,https://chat.whatsapp.com/ILvBbqnTbfHBbdfDMNtDOd,2026-01-19,Active
Stock market India,https://chat.whatsapp.com/HQmswTocozS2xac8sCr348,2026-01-19,Active
Movies Free Download,https://chat.whatsapp.com/JO54FKv3dsgEEeBgUr2z46,2026-01-19,Active
Foreign People,https://chat.whatsapp.com/JsCwq1hY4Da0YFa8QAcUwU,2026-01-19,Active
â­ ğ•ƒğ•†â„ğ”» ğ”½ğ”½   [[ğš’ğš ğšœğšğš•ğš• ğšŠğš—ğš ğš‹ğšğš¢]] 0ï¸âƒ£1ï¸âƒ£ ğŸ’¯,https://chat.whatsapp.com/GUZaDR9AzjoK4aXULVgTNn,2026-01-19,Active
Sad poetryâ¤â€ğŸ©¹ğŸ’”,https://chat.whatsapp.com/CshwA6aTemJKgrBeik1M6b,2026-01-19,Active
TikTok followers like views,https://chat.whatsapp.com/DsGMRi5uZBwKwAviEOM9gI,2026-01-19,Active
Features,https://chat.whatsapp.com/Gzqvc9ZpdDx4FW83INnOq6,2026-01-19,Active
TRADE EMPIRE ğŸ“ˆğŸ’µ,https://chat.whatsapp.com/FWJcK7gJQdR2xa9aiKLImH,2026-01-19,Active
LOAN SCHEMES,https://chat.whatsapp.com/IP3OrvxHdvWCjKOwXdDWZE,2026-01-19,Active
DAILY EARNINGS âœ…,https://chat.whatsapp.com/IDOTcUUizmDD5QI14PkwxN,2026-01-19,Active
*GRASP KNOWLEDGE | JOBS UPDATES*ğŸ“°,https://chat.whatsapp.com/ElsdkKc6zX53bcRMqAGRIb,2026-01-19,Active
ğŸŒºTÍ¦Ì¥hÍ¦Ì¥eÍ¦Ì¥ğŸŒ¼  wÍ¦Ì¥oÍ¦Ì¥rÍ¦Ì¥lÍ¦Ì¥dÍ¦Ì¥ğŸŒğŸŒ¹oÍ¦Ì¥fÍ¦Ì¥ ğŸ“¿  iÍ¦Ì¥sÍ¦Ì¥lÍ¦Ì¥aÍ¦Ì¥mÍ¦Ì¥iÍ¦Ì¥cÍ¦Ì¥ ğŸ•‹ğŸ•Œ gÍ¦Ì¥rÍ¦Ì¥oÍ¦Ì¥uÍ¦Ì¥pÍ¦Ì¥ğŸ’¯ğŸŒ¹ğŸ’¯,https://chat.whatsapp.com/BHD9P8Gt3ACLkBtaAhGWNS,2026-01-19,Active
ONLINE EARN,https://chat.whatsapp.com/FQTCtIhcVRhF2uEqvxtznH,2026-01-19,Active
POETRY LOVERSâ¤ï¸,https://chat.whatsapp.com/CX7LUQ5xmhI1v2TfitjhXc,2026-01-19,Active
ğ—•ğ—¶ğ—»ğ—®ğ—»ğ—°ğ—² ğ—©ğ—œğ—£ ğ—¦ğ—¶ğ—´ğ—»ğ—®ğ—¹ğ˜€ 786,https://chat.whatsapp.com/KyBKo0dc0iEJjVNoxHRtU5,2026-01-19,Active
Earning and Triks ğŸ¤‘âœ…,https://chat.whatsapp.com/FqU5Wkh75bNI90adRyhjFG,2026-01-19,Active
ğ—œğ—»ğ˜ğ—¿ğ—®ğ—±ğ—®ğ˜† ğ—•ğ—®ğ—»ğ—¸ğ—»ğ—¶ğ—³ğ˜ğ˜† ğ—˜ğ—¾ğ˜‚ğ—¶ğ˜ğ˜† ğ—¦ğ—µğ—®ğ—¿ğ—² ğ— ğ—®ğ—¿ğ—¸ğ—²ğ˜ğŸ“‰,https://chat.whatsapp.com/EgljfCv2EJNFggxp7YQAVT,2026-01-19,Active
Local Cricket Council (LCC) Â®,https://chat.whatsapp.com/DMwNMCJrSbq4LlQpTUS7Rv,2026-01-19,Active
Job News1ï¸âƒ£à´¤àµŠà´´à´¿à´²à´µà´¸à´°à´™àµà´™àµ¾ ğŸ‘”ğŸ’¼,https://chat.whatsapp.com/JR8ijplvkoDKSd7XDWblC3,2026-01-19,Active
SOCIAL NETWORKING,https://chat.whatsapp.com/KDFZ05eXu3vC50fFhTRbBV,2026-01-19,Active
DAILY HINDI NEWS,https://chat.whatsapp.com/L6t0KjO9XRv5eOvYF75PyM,2026-01-19,Active
ğŸ’°EARN WITH FAISALğŸ“Š,https://chat.whatsapp.com/GHseAFCC350264gdvhaGMY,2026-01-19,Active
Online earning,https://chat.whatsapp.com/HcavQe8havoKe96Dsrsalg,2026-01-19,Active
Gilget Baltistan and K2 Tourism and Guiding,https://chat.whatsapp.com/ExaJHbZZ0sM6yvSU2RyaBD,2026-01-19,Active
â—•DARK UNIVERSE GROUPâ—•,https://chat.whatsapp.com/HtC3Ig8MGwu6R9ZIdvnvH5,2026-01-19,Active
DERIV TRADING SNIPER ğŸ’¯ğŸ’¯ğŸ”¥ğŸ”¥,https://chat.whatsapp.com/CgiBuOcnePm3OgQfZvwsO0,2026-01-19,Active
Cheapest travel,https://chat.whatsapp.com/CtjZYd5wvBJ4TBr0wrNPDK,2026-01-19,Active
TikTok Earning ğŸ‡µğŸ‡°,https://chat.whatsapp.com/G9gaFAIaJOT2n0m6GWfqzs,2026-01-19,Active
Loan ğŸ’°ğŸ’°ğŸ’°ğŸ’°loan,https://chat.whatsapp.com/IMrfGlBDvZ6IMy2cfKm1yZ,2026-01-19,Active
'ğ€ğ‡ ğğ«ğšğ§ğ âœ¨ ğ’ğğ‚ğˆğ€ğ‹ ğ’ğ¡ğ¨ğ© ğŸ,https://chat.whatsapp.com/IK8faqHD4krLjkqEpHyNHP,2026-01-19,Active
TREND UNIT,https://chat.whatsapp.com/If4td8MTU22F4Ufrh34SDy,2026-01-19,Active
âœ”ï¸ğ™ˆğ™† ğ™ğ™ğ™ğ™€ ğ™ğ™„ğ™“ğ™€ğ˜¿ ğ™ˆğ˜¼ğ™ğ˜¾ğ™ƒ âœ”ï¸,https://chat.whatsapp.com/Ifn6QIrAnyoLHmL8acfkMM,2026-01-19,Active
Hole Sale Online Shopping Group,https://chat.whatsapp.com/HyRAS9t0dFL8kacp9Hrpwy,2026-01-19,Active
ğŸŒ ğ—¢ğ—¡ğ—Ÿğ—œğ—¡ğ—˜ ğ—˜ğ—”ğ—¥ğ—¡ğ—œğ—¡ğ—š  ğŸŒ,https://chat.whatsapp.com/LrEFWu1AUm0D2Qox8eGbsK,2026-01-19,Active
ğŸ’œ|| ğˆğğ’ğ“ğ€ğ†ğ‘ğ€ğŒ ğ‘ğ„ğ€ğ‹ ğ…ğğ‹ğ‹ğğ–ğ„ğ‘ğ’ ||ğŸ’œ,https://chat.whatsapp.com/K5QCUVwCczB90UZNlYYVem,2026-01-19,Active
Online Earning With MI,https://chat.whatsapp.com/Jc5WNQf04idBwg7SNHDXqi,2026-01-19,Active
à¤¸à¤°à¤•à¤¾à¤°à¥€ à¤¨à¥Œà¤•à¤°à¥€ 6,https://chat.whatsapp.com/EoEkf3zyWLUI3cyTOjK20Q,2026-01-19,Active
Features,https://chat.whatsapp.com/HUi8nMf06ju4Pizmek3Xps,2026-01-19,Active
â¤ girl group pakistan â¤â¤ğŸ’—,https://chat.whatsapp.com/Db9aZFvT2fGF1Nez6c3dsw,2026-01-19,Active
ABVP Secunderabad Jilla 2025 ğŸš©,https://chat.whatsapp.com/FuhEM4ZS9uI5SZf5ltBvpX,2026-01-20,Active
Crypto Heists,https://chat.whatsapp.com/HhD97Q7SMeLFLoxBBPFvPa,2026-01-20,Active
ğŸ¥°  PAK â€¢â€¢ SALLER â€¢â€¢ 13 ğŸ¥°,https://chat.whatsapp.com/CYWWoJHjQIGBvZt0oajhut,2026-01-20,Active
â˜ªï¸ Iâ¤ï¸ Islamicâ˜ªï¸â¤ï¸Ç¤roà¸™Æ¤,https://chat.whatsapp.com/JlIpFiOGjENKPr2p4Hirrn,2026-01-20,Active
Features,https://chat.whatsapp.com/DSXUIWnIFSX759Mgy5J9ao,2026-01-20,Active
Insta Grow,https://chat.whatsapp.com/FMei22OVSYJ0ZwsBP8pPPL,2026-01-20,Active
VIP âœŒï¸ GARIB ğŸ¥²,https://chat.whatsapp.com/LddKMlujfLR9XFlf0Mq7OV,2026-01-20,Active
Ø§Ù„Ù„Û ØªØ¹Ø§Ù„ÛŒÙ° Ø³Û’ Ø¬Ú‘Ù†Û’ Ú©Ø§ Ø³ÙØ± ğŸ•ŒğŸ•‹ğŸ•Œ,https://chat.whatsapp.com/LeRcCY5ySd15y9gJW8uZG1,2026-01-20,Active
ğ™„ğ™‰ğ™ğ™ğ˜¼ğ™‚ğ™ğ˜¼ğ™ˆ ğ™‡ğ™„ğ™†ğ™€/ğ™‘ğ™„ğ™€ğ™’ğ™ âœ…,https://chat.whatsapp.com/JEadMUVHWNfIswVXgSqUxX,2026-01-20,Active
NEX PAID SCRIMS,https://chat.whatsapp.com/H8xNiEekry4LaB0Vm9Hciu,2026-01-20,Active
FOREX ONLINE TRADING INVESTMENT,https://chat.whatsapp.com/Hnr6vG51CYxLVOwbnNJ7GU,2026-01-20,Active
IMS EARNG OTP PROGRAM,https://chat.whatsapp.com/D2f1rZKASOf4HziUcWXWh6,2026-01-20,Active
ğ™ˆğ™–ğ™¡ğ™ğ™  ğ˜¾ğ™§ğ™®ğ™¥ğ™©ğ™¤ ğ˜¼ğ™˜ğ™–ğ™™ğ™šğ™¢ğ™®,https://chat.whatsapp.com/B5aa3VqfZebG8YfgbOMk7B,2026-01-20,Active
All movies group,https://chat.whatsapp.com/DhA05LLFscpFNMDj2BDlzC,2026-01-20,Active
JANKARI.COM(13),https://chat.whatsapp.com/Bw4ZYfejpCK16xVPPJ78jk,2026-01-20,Active
Off group,https://chat.whatsapp.com/IHheei0cgzlJYqSa7V2M7R,2026-01-20,Active
Sub 4 sub YouTube,https://chat.whatsapp.com/DBYBVDZrrOyAPqrd4INQxU,2026-01-20,Active
*Anaya's Mom* Online StoreğŸ¥°,https://chat.whatsapp.com/GoXHZoDXVIgCqZflMLTmNX,2026-01-20,Active
ğŸ•Œ ÉªË¢â„“Î±áµá¥ê¸ || ä¹™Ã˜Î·Ò½ ğŸ•‹â•ğŸ“š,https://chat.whatsapp.com/HFwQOk9tTK42bUF5rvINIB,2026-01-20,Active
Features,https://chat.whatsapp.com/Jabg8Hz6xnHBIviYFz7WYP,2026-01-20,Active
ğŸ¤ ğ•‹ğ•™ğ•– ğ•Šğ•¥ğ•£ğ•’ğ•Ÿğ•˜ğ•–ğ•£ğ•¤ ğŸ¤,https://chat.whatsapp.com/HtcjFRjKq0bI4SahZv92mz,2026-01-20,Active
YouTube Subscribe Gainner,https://chat.whatsapp.com/G87g3kk5w73BQk845rlL8X,2026-01-20,Active
Features,https://chat.whatsapp.com/CGyziDVjo1jLBC3fOSvRGO,2026-01-20,Active
Features,https://chat.whatsapp.com/CYfAVWKUBy62dfGgD3fONq,2026-01-20,Active
Efsane Website Welfare Group,https://chat.whatsapp.com/GBmrYacuGq63GlKdL3FGiT,2026-01-20,Active
Features,https://chat.whatsapp.com/Hy0BFIeTlZmLesGYX5hz8V,2026-01-20,Active
International Online Business ğŸ‡µğŸ‡°ğŸ‡¦ğŸ‡ª,https://chat.whatsapp.com/LuLzodt1WWbEjU8QlThh0Q,2026-01-20,Active
STOCK MARKET SCHOOL 1 ğŸ’¸ğŸ’¸,https://chat.whatsapp.com/B4mjoqQzgQgHn103kgKN6F,2026-01-20,Active
VIP BROADCAST GROUP,https://chat.whatsapp.com/INJf9cTs6Lx3tmLodIgTZL,2026-01-20,Active
Global Consultant 1,https://chat.whatsapp.com/BA84Qk3d6dE2BJjFyREK68,2026-01-20,Active
ğŸ’¬Ú¯Ù¾ Ø´Ù¾ Ú¯Ù„ÛŒ,https://chat.whatsapp.com/G43lzYrHJ9vFFGW18a6Cux,2026-01-20,Active
Freelancing HubğŸ§‘ğŸ»â€ğŸ’»,https://chat.whatsapp.com/B9FkaTCYtnmHkSZWCyHgRV,2026-01-20,Active
Online official work,https://chat.whatsapp.com/Fw93ZInByY2Gq3r74BPRvr,2026-01-20,Active
Free fire tournament âš”ï¸,https://chat.whatsapp.com/Iayi0vHn71IHgfbhxcDm9I,2026-01-20,Active
Automated Forex Online Trading with Bots,https://chat.whatsapp.com/BY2NTCvI66q2TpYsHjSInF,2026-01-20,Active
ANMOL STORE-2,https://chat.whatsapp.com/B5trZX06arDCYIctBRvjIc,2026-01-20,Active
LIVE Stock Market News,https://chat.whatsapp.com/KIgYV2iHdRtDrCqxRH5XpK,2026-01-20,Active
PAK JOBS,https://chat.whatsapp.com/Ey4CweC0OcTKBJo75Euf0N,2026-01-20,Active
Earn With SicarioğŸ’¸,https://chat.whatsapp.com/HEPiG3PZjRQDzEY5XF4Hr9,2026-01-20,Active
Features,https://chat.whatsapp.com/FDHv7ZXnqZK30HM3dBmRgX,2026-01-20,Active
Features,https://chat.whatsapp.com/JNHw1gcPP80LPfMKla1j57,2026-01-20,Active
$AZC $PI & $AVIVE NEWS,https://chat.whatsapp.com/K4txGjaCQVkG0kVozcLQXi,2026-01-20,Active
ğŸ’«ÃÃ¸Ä›Å¥Å™Ã½ğŸŒ¹ÎºÃ¯ğŸ’duÎ·Ã¯yÎ±ğŸŒ,https://chat.whatsapp.com/LdCjND4UhLIKB95uKECGGF,2026-01-20,Active
GameRz - ãƒ©ã‚¤ãƒ•,https://chat.whatsapp.com/I24ZbztA0GT5b4FGQ3fVHB,2026-01-20,Active
Islamic knowledgeğŸŒŸğŸ’«ğŸ•‹ğŸ•‹,https://chat.whatsapp.com/JjK1BVHE7tFHLpo7nqnIa7,2026-01-20,Active
Â°â€¢ê‰“êƒ…êê“„ê“„ê€¤êˆ¤ê… ê‰“ê’’ê‚¦ê…êˆ¤Â£êŒ—â€¢â€¢,https://chat.whatsapp.com/DpkJ82JNsqpLOpmVtv9bTT,2026-01-20,Active
ASIA NO 1 BGMI UC SALES,https://chat.whatsapp.com/FlFOYh5kmg4H0FBQSmXA2i,2026-01-20,Active
ğ™‚ğ™Šğ™‡ğ˜¿ ğ™‹ğ™ğ™Š ğ™ğ™ğ˜¼ğ˜¿ğ™€ğ™,https://chat.whatsapp.com/GZUmGbDi4Zo2w8v3YHpyG0,2026-01-20,Active
ğŸ‘‘ ğ’¯ğ’½ğ‘’ ğµğ‘’ğ’¶ğ“Šğ“‰ğ“ ğ‘œğ’» ğ¼ğ“ˆğ“ğ’¶ğ“‚ ğŸ‘‘,https://chat.whatsapp.com/LRtMQ7dzVI59e87dPftt8n,2026-01-20,Active
Features,https://chat.whatsapp.com/H7JVabRC8TMHKZvmQijHml,2026-01-20,Active
Features,https://chat.whatsapp.com/GZZrAC8oBq8Lml2KXletwp,2026-01-20,Active
Crypto currency Airdrop,https://chat.whatsapp.com/BDHq2uT4BewKjpV8x8ECUb,2026-01-20,Active
á´É´ÊŸÉªÉ´á´‡ á´˜Ê€á´á´…á´œá´„á´›s sá´‡ÊŸÊŸ ğŸ’¯,https://chat.whatsapp.com/LLlv63MveBl7IzVMNMm0tF,2026-01-20,Active
ğŸ“šğŸ—ï¸à®¤à®®à®¿à®´à¯ ğŸ“¢à®šà¯†à®¯à¯à®¤à®¿à®•à®³à¯  ğŸ—ï¸ğŸ¤,https://chat.whatsapp.com/IVRFinRE2rCHWua6szmPxm,2026-01-20,Active
Office Work Vacancy,https://chat.whatsapp.com/Fuar2CvJCAG2T9DNmZHt6b,2026-01-20,Active
Real Earning,https://chat.whatsapp.com/BQR57546wR5HobjaTfsqkr,2026-01-20,Active
TS & AP Real estate Advisors,https://chat.whatsapp.com/EadbxRay3HV8b6FrwlnQ2r,2026-01-20,Active
DU Business,https://chat.whatsapp.com/I3ppErw9W5f7tsmhVzxANc,2026-01-20,Active
Soft look store,https://chat.whatsapp.com/IqDOnvXT0U17DJqTYaYfkH,2026-01-20,Active
Features,https://chat.whatsapp.com/Cxu1XsagDwl9y0R9sa7SDV,2026-01-20,Active
Features,https://chat.whatsapp.com/BdcLifjkjNxE8ZMRBjnpGf,2026-01-20,Active
MAKE MONEY ONLINE ğŸ’²ğŸ’µğŸ’°,https://chat.whatsapp.com/DK4VA2fCuzKHObCt9pe4Nj,2026-01-20,Active
Broadcast,https://chat.whatsapp.com/JjIKlvaGv3p9M8W9GG2jPI,2026-01-20,Active
Anfazon brand,https://chat.whatsapp.com/HE2Nb9fuFGD0ylbRw2e5jh,2026-01-20,Active
Gayatri Training CenterğŸ›©ï¸,https://chat.whatsapp.com/IHP073PXSNXBlkIZ4iQonM,2026-01-20,Active
Cardamom Garaland Order Now,https://chat.whatsapp.com/CmFRBa03C900BRlBeInsI1,2026-01-20,Active
à¼ºOnlyğŸ¥‡Tik TokğŸ…Vediosà¼»,https://chat.whatsapp.com/Hwy5o0N54po3VPh9wK1iQq,2026-01-20,Active
THE PUBLISHING CHEF - D2D,https://chat.whatsapp.com/KmxVTdtGrRaFpoytOMGJFB,2026-01-20,Active
ğŸğŸ«¸ğŸ»â€¢â€¢~à¦«à§à¦°à§‡à¦¨à§à¦¡à§‹à¦ªà¦¿à¦¡à¦¿à¦¯à¦¼à¦¾~â€¢â€¢ğŸ«·ğŸ»ğŸ,https://chat.whatsapp.com/HTdze1XBYGGIRlUe8KObWB,2026-01-20,Active
Subscribe exchange,https://chat.whatsapp.com/CSd01Lur4BrDYVGd6yjPBl,2026-01-20,Active
Chess friends,https://chat.whatsapp.com/Fxz9bkl2lVDHm4UuhwXwPu,2026-01-20,Active
ZARR sales only Bengaluru,https://chat.whatsapp.com/HNmTrTROUoE4sfUbP7wqZx,2026-01-20,Active
Shopping HubğŸ‘•ğŸ‘–,https://chat.whatsapp.com/CY32PCsvcCj4bmc7UBTC6z,2026-01-20,Active
ğŸŒ ğ—–ğ—¢ğ— ğ—œğ—¡ğ—š ğ—¦ğ—¢ğ—¢ğ—¡ ğŸŒ,https://chat.whatsapp.com/HAHW2MZgdnO5mP9YpsJyml,2026-01-20,Active
SubSwap,https://chat.whatsapp.com/FA6qpaDEm8cJMoqLtwRSAL,2026-01-20,Active
Pharmacists ğŸ‘¨â€ğŸ”¬ğŸ‘©â€ğŸ”¬ğŸ’ŠğŸ’‰,https://chat.whatsapp.com/KTkOwoj2DAr7D7UePCBSDn,2026-01-20,Active
Features,https://chat.whatsapp.com/EMauSofMxkP0tZXxEn5wC7,2026-01-20,Active
Xandertech Group 3,https://chat.whatsapp.com/GYArTXdhWXdH0z6Bt8BS7l,2026-01-20,Active
BUSSINESS OPPORTUNITY,https://chat.whatsapp.com/DwO9ChX700gCVkfzKu2XK3,2026-01-20,Active
Subscribe seller group,https://chat.whatsapp.com/J8X1MtxaSapG2qKgUHwj6u,2026-01-20,Active
Social Media  Accounts Buy&Sell,https://chat.whatsapp.com/CfoyZxkxzZYDUYindC7eZ5,2026-01-20,Active
YouTube video & subscribe,https://chat.whatsapp.com/BLEZ53LwACa5ZLHHWfy3gH,2026-01-20,Active
á´¬áµá´¿á´¬Â°á­„á´„Ê€Éªá´„á´‹á´‡á´› á´˜á´€á´‹Éªêœ±á´›á´€É´à¿,https://chat.whatsapp.com/ERtIXlEhNKy2ZYvS4omgSx,2026-01-20,Active
jobs4u,https://chat.whatsapp.com/IRvEjMnqdPhAfUpfY3Bg7S,2026-01-20,Active
Features,https://chat.whatsapp.com/DnnWz025b4iJbsAtKA1HsS,2026-01-20,Active
GIRSL AND BOYS FRIENDS ğŸ’•,https://chat.whatsapp.com/Ga6PMYws3EE6WdPXLA3PnZ,2026-01-20,Active
Youtube chanel Buy & Sell âœ…,https://chat.whatsapp.com/J6P4A1z6qMNIU6qFhHh5qP,2026-01-20,Active
ğŸ’¯ğ—§ğ—¥ğ—”ğ——ğ—˜ ğ—ªğ—¹ğ—§ğ—› ğ—¡ğ—”ğ—­ğ—”ğ—¥ğŸ’¯,https://chat.whatsapp.com/KT3QSTcAZTI19hcVLl8oH7,2026-01-20,Active
ğ’ğ®ğ«ğ ğ‚ğ«ğ¢ğœğ¤ğğ­ ğğ«ğğğ¢ğœğ­ğ¢ğ¨ğ§ğŸ†,https://chat.whatsapp.com/LaUmVLOsXkV0MbjJu6HRLM,2026-01-20,Active
Thriftttyy,https://chat.whatsapp.com/BUfBcQ1JFnpBUFTfOPFAVF,2026-01-20,Active
ğŸ’šEasy paisa & jazz cash real websiteğŸ‡µğŸ‡°ğŸ©·ğŸ’²â™¥ï¸,https://chat.whatsapp.com/BbViNr2EqgC28riX8UsqKL,2026-01-20,Active
Business to Business Linkages,https://chat.whatsapp.com/Ku9dw0mYQMBIe1yqnVHSBw,2026-01-20,Active
BANKNIFTY EXPERT ğŸ’¯ guarantee,https://chat.whatsapp.com/LBXiGCwki9o7RmIQuybJrV,2026-01-20,Active
Features,https://chat.whatsapp.com/KCXna3mdFUc1eiEDbGWxSB,2026-01-20,Active
Mr Zeeshan Yt Buying & Selling group,https://chat.whatsapp.com/FuPpNYtxvLFKHaS0qswLGh,2026-01-20,Active
Features,https://chat.whatsapp.com/F05pVzLKffjJb3u4QdmIZs,2026-01-20,Active
ZK store,https://chat.whatsapp.com/DWk8vBaMaJX9TF9v5Z3d8q,2026-01-20,Active
Earn Together,https://chat.whatsapp.com/Luv5MQGIXWmA6msJoLOjtR,2026-01-20,Active
E-Commerce business,https://chat.whatsapp.com/FUssITytI1cA79X9eoQXPQ,2026-01-20,Active
NTL,https://chat.whatsapp.com/L5y2glX9Bae4yZfg25k903,2026-01-20,Active
Features,https://chat.whatsapp.com/FqBizimApVWBlnI9luraey,2026-01-20,Active
Ø¨ÛŒÙ€Ù€ÙˆÙ¹ÛŒØ´Ù€Ù€Ù€Ù€Ù† Ú©Ù€Ù€Ù€ÙˆØ±Ø³  ğŸ’…âœ¨,https://chat.whatsapp.com/DCJE2eQFLCTB7VUgTJxngk,2026-01-20,Active
Features,https://chat.whatsapp.com/DBEL6OiXd3DCAYbQRSU3lF,2026-01-20,Active
